Timestamp,arm_freq,arm_freq_min,core_freq,core_freq_min,gpu_freq,gpu_freq_min,over_voltage_avs,over_voltage_avs_boost,sdram_freq,arm: frequency(48),core: frequency(1),h264: frequency(28),isp: frequency(45),v3d: frequency(46),core: volt,sdram_c: volt,sdram_i: volt,sdram_p: volt,temp,throttled
2024-02-14 18:36:30,600000000,600,320000000,,300,,31250,0x1b774,450,600000000,320000000,0,300000000,300000000,1.2313,1.2500,1.2500,1.2250,68.8,0x0
2024-02-14 18:42:26,600000000,600,320000000,,300,,31250,0x1b774,450,600000000,320000000,0,300000000,300000000,1.2313,1.2500,1.2500,1.2250,66.6,0x0
2024-02-14 18:43:24,600000000,600,320000000,,300,,31250,0x1b774,450,600000000,320000000,0,300000000,300000000,1.2313,1.2500,1.2500,1.2250,66.6,0x0
2024-02-14 18:58:38,600000000,600,320000000,,300,,31250,0x1b774,450,600000000,320000000,0,300000000,300000000,1.2313,1.2500,1.2500,1.2250,65.5,0x0
2024-02-14 19:14:24,600000000,600,320000000,,300,,31250,0x1b774,450,600000000,320000000,0,300000000,300000000,1.2313,1.2500,1.2500,1.2250,65.5,0x0
2024-02-14 19:30:24,600000000,600,320000000,,300,,31250,0x1b774,450,600000000,320000000,0,300000000,300000000,1.2313,1.2500,1.2500,1.2250,65.5,0x0
2024-02-14 19:46:24,600000000,600,320000000,,300,,31250,0x1b774,450,600000000,320000000,0,300000000,300000000,1.2313,1.2500,1.2500,1.2250,65.5,0x0
2024-02-14 20:02:24,600000000,600,320000000,,300,,31250,0x1b774,450,600000000,320000000,0,300000000,300000000,1.2313,1.2500,1.2500,1.2250,66.1,0x0
2024-02-14 20:18:24,600000000,600,320000000,,300,,31250,0x1b774,450,600000000,320000000,0,300000000,300000000,1.2313,1.2500,1.2500,1.2250,63.4,0x0
2024-02-14 20:33:24,600000000,600,320000000,,300,,31250,0x1b774,450,600000000,320000000,0,300000000,300000000,1.2313,1.2500,1.2500,1.2250,62.3,0x0
2024-02-14 20:48:38,600000000,600,320000000,,300,,31250,0x1b774,450,600000000,320000000,0,300000000,300000000,1.2313,1.2500,1.2500,1.2250,63.4,0x0
2024-02-14 21:04:24,600000000,600,320000000,,300,,31250,0x1b774,450,600000000,320000000,0,300000000,300000000,1.2313,1.2500,1.2500,1.2250,63.9,0x0
2024-02-14 21:20:24,600000000,600,320000000,,300,,31250,0x1b774,450,600000000,320000000,0,300000000,300000000,1.2313,1.2500,1.2500,1.2250,64.5,0x0
2024-02-14 21:36:24,600000000,600,320000000,,300,,31250,0x1b774,450,600000000,320000000,0,300000000,300000000,1.2313,1.2500,1.2500,1.2250,65.5,0x0
2024-02-14 21:52:24,600000000,600,320000000,,300,,31250,0x1b774,450,600000000,320000000,0,300000000,300000000,1.2313,1.2500,1.2500,1.2250,65.0,0x0
2024-02-14 22:08:24,600000000,600,320000000,,300,,31250,0x1b774,450,600000000,320000000,0,300000000,300000000,1.2313,1.2500,1.2500,1.2250,65.0,0x0
2024-02-14 22:23:50,600000000,600,320000000,,300,,31250,0x1b774,450,600000000,320000000,0,300000000,300000000,1.2313,1.2500,1.2500,1.2250,65.0,0x0
2024-02-14 22:39:21,600000000,600,320000000,,300,,31250,0x1b774,450,600000000,320000000,0,300000000,300000000,1.2313,1.2500,1.2500,1.2250,65.5,0x0
2024-02-14 22:54:24,600000000,600,320000000,,300,,31250,0x1b774,450,600000000,320000000,0,300000000,300000000,1.2313,1.2500,1.2500,1.2250,65.5,0x0
2024-02-14 23:10:24,600000000,600,320000000,,300,,31250,0x1b774,450,600000000,320000000,0,300000000,300000000,1.2313,1.2500,1.2500,1.2250,65.5,0x0
2024-02-14 23:26:24,600000000,600,320000000,,300,,31250,0x1b774,450,600000000,320000000,0,300000000,300000000,1.2313,1.2500,1.2500,1.2250,65.5,0x0
2024-02-14 23:42:24,600000000,600,320000000,,300,,31250,0x1b774,450,600000000,320000000,0,300000000,300000000,1.2313,1.2500,1.2500,1.2250,65.5,0x0
2024-02-14 23:57:44,600000000,600,320000000,,300,,31250,0x1b774,450,600000000,320000000,0,300000000,300000000,1.2313,1.2500,1.2500,1.2250,66.6,0x0
2024-02-15 00:12:46,600000000,600,320000000,,300,,31250,0x1b774,450,600000000,320000000,0,300000000,300000000,1.2313,1.2500,1.2500,1.2250,66.6,0x0
2024-02-15 00:28:22,600000000,600,320000000,,300,,31250,0x1b774,450,600000000,320000000,0,300000000,300000000,1.2313,1.2500,1.2500,1.2250,66.6,0x0
2024-02-15 00:43:24,600000000,600,320000000,,300,,31250,0x1b774,450,600000000,320000000,0,300000000,300000000,1.2313,1.2500,1.2500,1.2250,65.5,0x0
2024-02-15 00:58:24,600000000,600,320000000,,300,,31250,0x1b774,450,600000000,320000000,0,300000000,300000000,1.2313,1.2500,1.2500,1.2250,66.1,0x0
2024-02-15 01:14:24,600000000,600,320000000,,300,,31250,0x1b774,450,600000000,320000000,0,300000000,300000000,1.2313,1.2500,1.2500,1.2250,65.5,0x0
2024-02-15 01:29:29,600000000,600,320000000,,300,,31250,0x1b774,450,600000000,320000000,0,300000000,300000000,1.2313,1.2500,1.2500,1.2250,66.1,0x0
2024-02-15 01:44:39,600000000,600,320000000,,300,,31250,0x1b774,450,600000000,320000000,0,300000000,300000000,1.2313,1.2500,1.2500,1.2250,66.1,0x0
2024-02-15 02:00:24,600000000,600,320000000,,300,,31250,0x1b774,450,600000000,320000000,0,300000000,300000000,1.2313,1.2500,1.2500,1.2250,66.6,0x0
2024-02-15 02:15:30,600000000,600,320000000,,300,,31250,0x1b774,450,600000000,320000000,0,300000000,300000000,1.2313,1.2500,1.2500,1.2250,67.1,0x0
2024-02-15 02:31:21,600000000,600,320000000,,300,,31250,0x1b774,450,600000000,320000000,0,300000000,300000000,1.2313,1.2500,1.2500,1.2250,66.6,0x0
2024-02-15 02:46:23,600000000,600,320000000,,300,,31250,0x1b774,450,600000000,320000000,0,300000000,300000000,1.2313,1.2500,1.2500,1.2250,68.2,0x0
2024-02-15 03:01:24,600000000,600,320000000,,300,,31250,0x1b774,450,600000000,320000000,0,300000000,300000000,1.2313,1.2500,1.2500,1.2250,67.1,0x0
2024-02-15 03:16:24,600000000,600,320000000,,300,,31250,0x1b774,450,600000000,320000000,0,300000000,300000000,1.2313,1.2500,1.2500,1.2250,66.6,0x0
2024-02-15 03:32:24,600000000,600,320000000,,300,,31250,0x1b774,450,600000000,320000000,0,300000000,300000000,1.2313,1.2500,1.2500,1.2250,66.1,0x0
2024-02-15 03:48:24,600000000,600,320000000,,300,,31250,0x1b774,450,600000000,320000000,0,300000000,300000000,1.2313,1.2500,1.2500,1.2250,66.1,0x0
2024-02-15 04:04:24,600000000,600,320000000,,300,,31250,0x1b774,450,600000000,320000000,0,300000000,300000000,1.2313,1.2500,1.2500,1.2250,65.5,0x0
2024-02-15 04:20:24,600000000,600,320000000,,300,,31250,0x1b774,450,600000000,320000000,0,300000000,300000000,1.2313,1.2500,1.2500,1.2250,68.2,0x0
2024-02-15 04:36:24,600000000,600,320000000,,300,,31250,0x1b774,450,600000000,320000000,0,300000000,300000000,1.2313,1.2500,1.2500,1.2250,66.6,0x0
2024-02-15 04:52:24,600000000,600,320000000,,300,,31250,0x1b774,450,600000000,320000000,0,300000000,300000000,1.2313,1.2500,1.2500,1.2250,66.1,0x0
2024-02-15 05:08:14,600000000,600,320000000,,300,,31250,0x1b774,450,600000000,320000000,0,300000000,300000000,1.2313,1.2500,1.2500,1.2250,66.6,0x0
2024-02-15 05:23:24,600002000,600,320000000,,300,,31250,0x1b774,450,600002000,320000000,0,300000000,300000000,1.2313,1.2500,1.2500,1.2250,65.5,0x0
2024-02-15 05:38:24,600000000,600,320000000,,300,,31250,0x1b774,450,600000000,320000000,0,300000000,300000000,1.2313,1.2500,1.2500,1.2250,66.6,0x0
2024-02-15 05:54:24,600000000,600,320000000,,300,,31250,0x1b774,450,600000000,320000000,0,300000000,300000000,1.2313,1.2500,1.2500,1.2250,66.6,0x0
2024-02-15 06:10:24,600000000,600,320000000,,300,,31250,0x1b774,450,600000000,320000000,0,300000000,300000000,1.2313,1.2500,1.2500,1.2250,75.2,0x0
2024-02-15 06:25:25,600000000,600,320000000,,300,,31250,0x1b774,450,600000000,320000000,0,300000000,300000000,1.2313,1.2500,1.2500,1.2250,67.7,0x0
2024-02-15 06:40:30,600000000,600,320000000,,300,,31250,0x1b774,450,600000000,320000000,0,300000000,300000000,1.2313,1.2500,1.2500,1.2250,67.7,0x0
2024-02-15 06:56:24,600000000,600,320000000,,300,,31250,0x1b774,450,600000000,320000000,0,300000000,300000000,1.2313,1.2500,1.2500,1.2250,66.6,0x0
2024-02-15 07:05:15,600000000,600,320000000,,300,,31250,0x1b774,450,600000000,320000000,0,300000000,300000000,1.2313,1.2500,1.2500,1.2250,66.1,0x0
2024-02-15 07:12:24,600000000,600,320000000,,300,,31250,0x1b774,450,600000000,320000000,0,300000000,300000000,1.2313,1.2500,1.2500,1.2250,65.5,0x0
2024-02-15 07:28:24,600002000,600,250000000,,300,,31250,0x1b774,450,600002000,250000000,0,0,300000000,1.2313,1.2500,1.2500,1.2250,62.3,0x0
2024-02-15 07:44:03,600000000,600,250000000,,300,,31250,0x1b774,450,600000000,250000000,0,0,300000000,1.2313,1.2500,1.2500,1.2250,58.0,0x0
2024-02-15 07:59:15,600000000,600,250000000,,300,,31250,0x1b774,450,600000000,250000000,0,0,300000000,1.2313,1.2500,1.2500,1.2250,60.1,0x0
2024-02-15 08:14:25,600000000,600,250000000,,300,,31250,0x1b774,450,600000000,250000000,0,0,300000000,1.2313,1.2500,1.2500,1.2250,60.7,0x0
2024-02-15 08:14:42,600000000,600,250000000,,300,,31250,0x1b774,450,600000000,250000000,0,0,300000000,1.2313,1.2500,1.2500,1.2250,63.4,0x0
2024-02-15 08:30:24,600000000,600,250000000,,300,,31250,0x1b774,450,600000000,250000000,0,0,300000000,1.2313,1.2500,1.2500,1.2250,60.7,0x0
2024-02-15 08:46:24,600000000,600,250000000,,300,,31250,0x1b774,450,600000000,250000000,0,0,300000000,1.2313,1.2500,1.2500,1.2250,60.7,0x0
2024-02-15 09:01:46,600000000,600,250000000,,300,,31250,0x1b774,450,600000000,250000000,0,0,300000000,1.2313,1.2500,1.2500,1.2250,61.2,0x0
2024-02-15 09:17:24,600000000,600,250000000,,300,,31250,0x1b774,450,600000000,250000000,0,0,300000000,1.2313,1.2500,1.2500,1.2250,60.7,0x0
2024-02-15 09:32:24,600000000,600,250000000,,300,,31250,0x1b774,450,600000000,250000000,0,0,300000000,1.2313,1.2500,1.2500,1.2250,60.7,0x0
2024-02-15 09:48:24,600000000,600,250000000,,300,,31250,0x1b774,450,600000000,250000000,0,0,300000000,1.2313,1.2500,1.2500,1.2250,60.1,0x0
2024-02-15 10:04:24,600000000,600,250000000,,300,,31250,0x1b774,450,600000000,250000000,0,0,300000000,1.2313,1.2500,1.2500,1.2250,60.7,0x0
2024-02-15 10:20:24,600000000,600,250000000,,300,,31250,0x1b774,450,600000000,250000000,0,0,300000000,1.2313,1.2500,1.2500,1.2250,60.7,0x0
2024-02-15 10:36:24,600000000,600,250000000,,300,,31250,0x1b774,450,600000000,250000000,0,0,300000000,1.2313,1.2500,1.2500,1.2250,60.7,0x0
2024-02-15 10:41:43,600000000,600,250000000,,300,,31250,0x1b774,450,600000000,250000000,0,0,300000000,1.2313,1.2500,1.2500,1.2250,60.7,0x0
2024-02-15 10:41:48,600064000,600,250000000,,300,,31250,0x19f0a,450,600064000,250000000,0,0,300000000,1.2313,1.2500,1.2500,1.2250,61.2,0x0
2024-02-15 10:48:41,600000000,600,250000000,,300,,31250,0x19f0a,450,600000000,250000000,0,0,300000000,1.2313,1.2500,1.2500,1.2250,68.8,0x0
2024-02-15 11:04:03,600000000,600,250000000,,300,,31250,0x19f0a,450,600000000,250000000,0,0,300000000,1.2313,1.2500,1.2500,1.2250,58.5,0x0
2024-02-15 11:19:40,600000000,600,250000000,,300,,31250,0x19f0a,450,600000000,250000000,0,0,300000000,1.2313,1.2500,1.2500,1.2250,56.9,0x0
2024-02-15 11:35:40,600000000,600,250000000,,300,,31250,0x19f0a,450,600000000,250000000,0,0,300000000,1.2313,1.2500,1.2500,1.2250,56.9,0x0
2024-02-15 11:51:20,600000000,600,250000000,,300,,31250,0x19f0a,450,600000000,250000000,0,0,300000000,1.2313,1.2500,1.2500,1.2250,56.4,0x0
2024-02-15 12:06:40,600000000,600,250000000,,300,,31250,0x19f0a,450,600000000,250000000,0,0,300000000,1.2313,1.2500,1.2500,1.2250,56.9,0x0
2024-02-15 12:22:03,600000000,600,250000000,,300,,31250,0x19f0a,450,600000000,250000000,0,0,300000000,1.2313,1.2500,1.2500,1.2250,56.4,0x0
2024-02-15 12:37:40,600000000,600,250000000,,300,,31250,0x19f0a,450,600000000,250000000,0,0,300000000,1.2313,1.2500,1.2500,1.2250,56.9,0x0
2024-02-15 12:53:40,600000000,600,250000000,,300,,31250,0x19f0a,450,600000000,250000000,0,0,300000000,1.2313,1.2500,1.2500,1.2250,56.9,0x0
2024-02-15 13:09:20,600000000,600,250000000,,300,,31250,0x19f0a,450,600000000,250000000,0,0,300000000,1.2313,1.2500,1.2500,1.2250,57.5,0x0
2024-02-15 13:24:40,600000000,600,250000000,,300,,31250,0x19f0a,450,600000000,250000000,0,0,300000000,1.2313,1.2500,1.2500,1.2250,56.9,0x0
2024-02-15 13:40:03,600000000,600,250000000,,300,,31250,0x19f0a,450,600000000,250000000,0,0,300000000,1.2313,1.2500,1.2500,1.2250,56.9,0x0
2024-02-15 13:55:03,600000000,600,250000000,,300,,31250,0x19f0a,450,600000000,250000000,0,0,300000000,1.2313,1.2500,1.2500,1.2250,56.4,0x0
2024-02-15 14:10:15,600000000,600,250000000,,300,,31250,0x19f0a,450,600000000,250000000,0,0,300000000,1.2313,1.2500,1.2500,1.2250,56.9,0x0
2024-02-15 14:25:40,600000000,600,250000000,,300,,31250,0x19f0a,450,600000000,250000000,0,0,300000000,1.2313,1.2500,1.2500,1.2250,56.9,0x0
2024-02-15 14:41:40,600000000,600,250000000,,300,,31250,0x19f0a,450,600000000,250000000,0,0,300000000,1.2313,1.2500,1.2500,1.2250,56.9,0x0
2024-02-15 14:57:20,600000000,600,250000000,,300,,31250,0x19f0a,450,600000000,250000000,0,0,300000000,1.2313,1.2500,1.2500,1.2250,56.9,0x0
2024-02-15 15:12:40,600000000,600,250000000,,300,,31250,0x19f0a,450,600000000,250000000,0,0,300000000,1.2313,1.2500,1.2500,1.2250,56.9,0x0
2024-02-15 15:28:03,600000000,600,250000000,,300,,31250,0x19f0a,450,600000000,250000000,0,0,300000000,1.2313,1.2500,1.2500,1.2250,56.9,0x0
2024-02-15 15:43:40,600000000,600,250000000,,300,,31250,0x19f0a,450,600000000,250000000,0,0,300000000,1.2313,1.2500,1.2500,1.2250,56.9,0x0
2024-02-15 15:59:40,600000000,600,250000000,,300,,31250,0x19f0a,450,600000000,250000000,0,0,300000000,1.2313,1.2500,1.2500,1.2250,56.4,0x0
2024-02-15 16:15:00,600000000,600,250000000,,300,,31250,0x19f0a,450,600000000,250000000,0,0,300000000,1.2313,1.2500,1.2500,1.2250,56.4,0x0
2024-02-15 16:30:03,600000000,600,250000000,,300,,31250,0x19f0a,450,600000000,250000000,0,0,300000000,1.2313,1.2500,1.2500,1.2250,56.9,0x0
2024-02-15 16:45:15,600000000,600,250000000,,300,,31250,0x19f0a,450,600000000,250000000,0,0,300000000,1.2313,1.2500,1.2500,1.2250,58.0,0x0
2024-02-15 17:00:16,600000000,600,250000000,,300,,31250,0x19f0a,450,600000000,250000000,0,0,300000000,1.2313,1.2500,1.2500,1.2250,57.5,0x0
2024-02-15 17:15:40,600002000,600,250000000,,300,,31250,0x19f0a,450,600002000,250000000,0,0,300000000,1.2313,1.2500,1.2500,1.2250,56.4,0x0
2024-02-15 17:31:33,600000000,600,250000000,,300,,31250,0x19f0a,450,600000000,250000000,0,0,300000000,1.2313,1.2500,1.2500,1.2250,56.4,0x0
2024-02-15 17:46:40,600000000,600,250000000,,300,,31250,0x19f0a,450,600000000,250000000,0,0,300000000,1.2313,1.2500,1.2500,1.2250,56.4,0x0
2024-02-15 18:01:46,599998000,600,250000000,,300,,31250,0x19f0a,450,599998000,250000000,0,0,300000000,1.2313,1.2500,1.2500,1.2250,56.4,0x0
2024-02-15 18:17:40,600000000,600,250000000,,300,,31250,0x19f0a,450,600000000,250000000,0,0,300000000,1.2313,1.2500,1.2500,1.2250,55.8,0x0
2024-02-15 18:33:20,600000000,600,250000000,,300,,31250,0x19f0a,450,600000000,250000000,0,0,300000000,1.2313,1.2500,1.2500,1.2250,55.3,0x0
2024-02-15 18:48:40,600002000,600,250000000,,300,,31250,0x19f0a,450,600002000,250000000,0,0,300000000,1.2313,1.2500,1.2500,1.2250,55.8,0x0
2024-02-15 19:04:03,600000000,600,250000000,,300,,31250,0x19f0a,450,600000000,250000000,0,0,300000000,1.2313,1.2500,1.2500,1.2250,55.8,0x0
2024-02-15 19:19:40,600000000,600,250000000,,300,,31250,0x19f0a,450,600000000,250000000,0,0,300000000,1.2313,1.2500,1.2500,1.2250,54.8,0x0
2024-02-15 19:34:48,600000000,600,250000000,,300,,31250,0x19f0a,450,600000000,250000000,0,0,300000000,1.2313,1.2500,1.2500,1.2250,55.3,0x0
2024-02-15 19:50:03,600000000,600,250000000,,300,,31250,0x19f0a,450,600000000,250000000,0,0,300000000,1.2313,1.2500,1.2500,1.2250,55.8,0x0
2024-02-15 20:05:03,600000000,600,250000000,,300,,31250,0x19f0a,450,600000000,250000000,0,0,300000000,1.2313,1.2500,1.2500,1.2250,55.8,0x0
2024-02-15 20:20:17,600000000,600,250000000,,300,,31250,0x19f0a,450,600000000,250000000,0,0,300000000,1.2313,1.2500,1.2500,1.2250,58.0,0x0
2024-02-15 20:35:21,600000000,600,250000000,,300,,31250,0x19f0a,450,600000000,250000000,0,0,300000000,1.2313,1.2500,1.2500,1.2250,60.1,0x0
2024-02-15 20:50:26,600000000,600,250000000,,300,,31250,0x19f0a,450,600000000,250000000,0,0,300000000,1.2313,1.2500,1.2500,1.2250,61.2,0x0
2024-02-15 21:05:40,600000000,600,250000000,,300,,31250,0x19f0a,450,600000000,250000000,0,0,300000000,1.2313,1.2500,1.2500,1.2250,60.7,0x0
2024-02-15 21:21:21,600000000,600,250000000,,300,,31250,0x19f0a,450,600000000,250000000,0,0,300000000,1.2313,1.2500,1.2500,1.2250,60.7,0x0
2024-02-15 21:36:41,600000000,600,250000000,,300,,31250,0x19f0a,450,600000000,250000000,0,0,300000000,1.2313,1.2500,1.2500,1.2250,60.7,0x0
2024-02-15 21:52:03,600000000,600,250000000,,300,,31250,0x19f0a,450,600000000,250000000,0,0,300000000,1.2313,1.2500,1.2500,1.2250,61.2,0x0
2024-02-15 22:07:40,600000000,600,250000000,,300,,31250,0x19f0a,450,600000000,250000000,0,0,300000000,1.2313,1.2500,1.2500,1.2250,60.1,0x0
2024-02-15 22:23:52,600000000,600,250000000,,300,,31250,0x19f0a,450,600000000,250000000,0,0,300000000,1.2313,1.2500,1.2500,1.2250,58.5,0x0
2024-02-15 22:23:58,600062000,600,250000000,,300,,31250,0x19f0a,450,600062000,250000000,0,0,300000000,1.2313,1.2500,1.2500,1.2250,60.7,0x0
2024-02-15 22:31:05,600000000,600,320000000,,300,,31250,0x19f0a,450,600000000,320000000,0,300000000,300000000,1.2313,1.2500,1.2500,1.2250,61.2,0x0
2024-02-15 22:46:05,600000000,600,320000000,,300,,31250,0x19f0a,450,600000000,320000000,0,300000000,300000000,1.2313,1.2500,1.2500,1.2250,61.2,0x0
2024-02-15 23:02:05,600000000,600,320000000,,300,,31250,0x19f0a,450,600000000,320000000,0,300000000,300000000,1.2313,1.2500,1.2500,1.2250,61.2,0x0
2024-02-15 23:18:05,600000000,600,320000000,,300,,31250,0x19f0a,450,600000000,320000000,0,300000000,300000000,1.2313,1.2500,1.2500,1.2250,62.3,0x0
2024-02-15 23:34:05,600000000,600,320000000,,300,,31250,0x19f0a,450,600000000,320000000,0,300000000,300000000,1.2313,1.2500,1.2500,1.2250,62.8,0x0
2024-02-15 23:50:05,600000000,600,320000000,,300,,31250,0x19f0a,450,600000000,320000000,0,300000000,300000000,1.2313,1.2500,1.2500,1.2250,63.4,0x0
2024-02-16 00:06:05,600000000,600,320000000,,300,,31250,0x19f0a,450,600000000,320000000,0,300000000,300000000,1.2313,1.2500,1.2500,1.2250,63.4,0x0
2024-02-16 00:22:05,600000000,600,320000000,,300,,31250,0x19f0a,450,600000000,320000000,0,300000000,300000000,1.2313,1.2500,1.2500,1.2250,64.5,0x0
2024-02-16 00:38:05,600000000,600,320000000,,300,,31250,0x19f0a,450,600000000,320000000,0,300000000,300000000,1.2313,1.2500,1.2500,1.2250,63.9,0x0
2024-02-16 00:54:05,600000000,600,320000000,,300,,31250,0x19f0a,450,600000000,320000000,0,300000000,300000000,1.2313,1.2500,1.2500,1.2250,64.5,0x0
2024-02-16 01:09:17,600000000,600,320000000,,300,,31250,0x19f0a,450,600000000,320000000,0,300000000,300000000,1.2313,1.2500,1.2500,1.2250,65.0,0x0
2024-02-16 01:24:20,600000000,600,320000000,,300,,31250,0x19f0a,450,600000000,320000000,0,300000000,300000000,1.2313,1.2500,1.2500,1.2250,65.0,0x0
2024-02-16 01:39:22,600000000,600,320000000,,300,,31250,0x19f0a,450,600000000,320000000,0,300000000,300000000,1.2313,1.2500,1.2500,1.2250,65.5,0x0
2024-02-16 01:55:05,600000000,600,320000000,,300,,31250,0x19f0a,450,600000000,320000000,0,300000000,300000000,1.2313,1.2500,1.2500,1.2250,65.5,0x0
2024-02-16 02:10:20,600000000,600,320000000,,300,,31250,0x19f0a,450,600000000,320000000,0,300000000,300000000,1.2313,1.2500,1.2500,1.2250,65.5,0x0
2024-02-16 02:26:05,600000000,600,320000000,,300,,31250,0x19f0a,450,600000000,320000000,0,300000000,300000000,1.2313,1.2500,1.2500,1.2250,64.5,0x0
2024-02-16 02:42:05,600000000,600,320000000,,300,,31250,0x19f0a,450,600000000,320000000,0,300000000,300000000,1.2313,1.2500,1.2500,1.2250,65.0,0x0
2024-02-16 02:58:05,600000000,600,320000000,,300,,31250,0x19f0a,450,600000000,320000000,0,300000000,300000000,1.2313,1.2500,1.2500,1.2250,65.0,0x0
2024-02-16 03:14:05,600000000,600,320000000,,300,,31250,0x19f0a,450,600000000,320000000,0,300000000,300000000,1.2313,1.2500,1.2500,1.2250,65.5,0x0
2024-02-16 03:30:05,600000000,600,320000000,,300,,31250,0x19f0a,450,600000000,320000000,0,300000000,300000000,1.2313,1.2500,1.2500,1.2250,65.0,0x0
2024-02-16 03:45:18,600000000,600,320000000,,300,,31250,0x19f0a,450,600000000,320000000,0,300000000,300000000,1.2313,1.2500,1.2500,1.2250,66.1,0x0
2024-02-16 04:00:21,600000000,600,320000000,,300,,31250,0x19f0a,450,600000000,320000000,0,300000000,300000000,1.2313,1.2500,1.2500,1.2250,66.1,0x0
2024-02-16 04:16:05,600000000,600,320000000,,300,,31250,0x19f0a,450,600000000,320000000,0,300000000,300000000,1.2313,1.2500,1.2500,1.2250,66.1,0x0
2024-02-16 04:32:05,600000000,600,320000000,,300,,31250,0x19f0a,450,600000000,320000000,0,300000000,300000000,1.2313,1.2500,1.2500,1.2250,65.5,0x0
2024-02-16 04:48:05,600000000,600,320000000,,300,,31250,0x19f0a,450,600000000,320000000,0,300000000,300000000,1.2313,1.2500,1.2500,1.2250,65.0,0x0
2024-02-16 05:04:05,600000000,600,320000000,,300,,31250,0x19f0a,450,600000000,320000000,0,300000000,300000000,1.2313,1.2500,1.2500,1.2250,65.5,0x0
2024-02-16 05:20:05,600000000,600,320000000,,300,,31250,0x19f0a,450,600000000,320000000,0,300000000,300000000,1.2313,1.2500,1.2500,1.2250,65.5,0x0
2024-02-16 05:36:05,600000000,600,320000000,,300,,31250,0x19f0a,450,600000000,320000000,0,300000000,300000000,1.2313,1.2500,1.2500,1.2250,65.5,0x0
2024-02-16 05:52:05,600000000,600,320000000,,300,,31250,0x19f0a,450,600000000,320000000,0,300000000,300000000,1.2313,1.2500,1.2500,1.2250,66.1,0x0
2024-02-16 06:08:05,600000000,600,320000000,,300,,31250,0x19f0a,450,600000000,320000000,0,300000000,300000000,1.2313,1.2500,1.2500,1.2250,66.1,0x0
2024-02-16 06:24:05,600000000,600,320000000,,300,,31250,0x19f0a,450,600000000,320000000,0,300000000,300000000,1.2313,1.2500,1.2500,1.2250,65.5,0x0
2024-02-16 06:40:05,600000000,600,320000000,,300,,31250,0x19f0a,450,600000000,320000000,0,300000000,300000000,1.2313,1.2500,1.2500,1.2250,65.5,0x0
2024-02-16 06:55:14,600000000,600,320000000,,300,,31250,0x19f0a,450,600000000,320000000,0,300000000,300000000,1.2313,1.2500,1.2500,1.2250,65.5,0x0
2024-02-16 07:10:18,600000000,600,320000000,,300,,31250,0x19f0a,450,600000000,320000000,0,300000000,300000000,1.2313,1.2500,1.2500,1.2250,63.9,0x0
2024-02-16 07:26:05,600000000,600,320000000,,300,,31250,0x19f0a,450,600000000,320000000,0,300000000,300000000,1.2313,1.2500,1.2500,1.2250,61.8,0x0
2024-02-16 07:42:05,600002000,600,320000000,,300,,31250,0x19f0a,450,600002000,320000000,0,300000000,300000000,1.2313,1.2500,1.2500,1.2250,62.3,0x0
2024-02-16 07:58:05,600000000,600,320000000,,300,,31250,0x19f0a,450,600000000,320000000,0,300000000,300000000,1.2313,1.2500,1.2500,1.2250,61.2,0x0
2024-02-16 08:14:05,600002000,600,320000000,,300,,31250,0x19f0a,450,600002000,320000000,0,300000000,300000000,1.2313,1.2500,1.2500,1.2250,62.3,0x0
2024-02-16 08:30:05,600000000,600,320000000,,300,,31250,0x19f0a,450,600000000,320000000,0,300000000,300000000,1.2313,1.2500,1.2500,1.2250,62.8,0x0
2024-02-16 08:45:19,600000000,600,320000000,,300,,31250,0x19f0a,450,600000000,320000000,0,300000000,300000000,1.2313,1.2500,1.2500,1.2250,64.5,0x0
2024-02-16 09:00:21,600000000,600,320000000,,300,,31250,0x19f0a,450,600000000,320000000,0,300000000,300000000,1.2313,1.2500,1.2500,1.2250,64.5,0x0
2024-02-16 09:16:05,600000000,600,320000000,,300,,31250,0x19f0a,450,600000000,320000000,0,300000000,300000000,1.2313,1.2500,1.2500,1.2250,63.4,0x0
2024-02-16 09:32:05,600000000,600,320000000,,300,,31250,0x19f0a,450,600000000,320000000,0,300000000,300000000,1.2313,1.2500,1.2500,1.2250,63.4,0x0
2024-02-16 09:48:05,600000000,600,320000000,,300,,31250,0x19f0a,450,600000000,320000000,0,300000000,300000000,1.2313,1.2500,1.2500,1.2250,63.4,0x0
2024-02-16 10:04:05,600000000,600,320000000,,300,,31250,0x19f0a,450,600000000,320000000,0,300000000,300000000,1.2313,1.2500,1.2500,1.2250,63.4,0x0
2024-02-16 10:20:05,600000000,600,320000000,,300,,31250,0x19f0a,450,600000000,320000000,0,300000000,300000000,1.2313,1.2500,1.2500,1.2250,63.4,0x0
2024-02-16 10:36:05,600000000,600,320000000,,300,,31250,0x19f0a,450,600000000,320000000,0,300000000,300000000,1.2313,1.2500,1.2500,1.2250,63.4,0x0
2024-02-16 10:52:05,600000000,600,320000000,,300,,31250,0x19f0a,450,600000000,320000000,0,300000000,300000000,1.2313,1.2500,1.2500,1.2250,63.4,0x0
2024-02-16 11:08:05,600000000,600,320000000,,300,,31250,0x19f0a,450,600000000,320000000,0,300000000,300000000,1.2313,1.2500,1.2500,1.2250,63.4,0x0
2024-02-16 11:24:05,600000000,600,320000000,,300,,31250,0x19f0a,450,600000000,320000000,0,300000000,300000000,1.2313,1.2500,1.2500,1.2250,64.5,0x0
2024-02-16 11:40:05,600000000,600,320000000,,300,,31250,0x19f0a,450,600000000,320000000,0,300000000,300000000,1.2313,1.2500,1.2500,1.2250,64.5,0x0
2024-02-16 11:56:05,600000000,600,320000000,,300,,31250,0x19f0a,450,600000000,320000000,0,300000000,300000000,1.2313,1.2500,1.2500,1.2250,64.5,0x0
2024-02-16 12:12:05,600000000,600,320000000,,300,,31250,0x19f0a,450,600000000,320000000,0,300000000,300000000,1.2313,1.2500,1.2500,1.2250,64.5,0x0
2024-02-16 12:28:05,600000000,600,320000000,,300,,31250,0x19f0a,450,600000000,320000000,0,300000000,300000000,1.2313,1.2500,1.2500,1.2250,64.5,0x0
2024-02-16 12:44:05,600000000,600,320000000,,300,,31250,0x19f0a,450,600000000,320000000,0,300000000,300000000,1.2313,1.2500,1.2500,1.2250,64.5,0x0
2024-02-16 13:00:05,600000000,600,320000000,,300,,31250,0x19f0a,450,600000000,320000000,0,300000000,300000000,1.2313,1.2500,1.2500,1.2250,65.5,0x0
2024-02-16 13:16:05,600000000,600,250000000,,300,,31250,0x19f0a,450,600000000,250000000,0,0,300000000,1.2313,1.2500,1.2500,1.2250,58.0,0x0
2024-02-16 13:32:05,600000000,600,250000000,,300,,31250,0x19f0a,450,600000000,250000000,0,0,300000000,1.2313,1.2500,1.2500,1.2250,56.9,0x0
2024-02-16 13:48:05,600000000,600,250000000,,300,,31250,0x19f0a,450,600000000,250000000,0,0,300000000,1.2313,1.2500,1.2500,1.2250,56.4,0x0
2024-02-16 14:04:05,600000000,600,250000000,,300,,31250,0x19f0a,450,600000000,250000000,0,0,300000000,1.2313,1.2500,1.2500,1.2250,56.4,0x0
2024-02-16 14:19:54,600002000,600,250000000,,300,,31250,0x19f0a,450,600002000,250000000,0,0,300000000,1.2313,1.2500,1.2500,1.2250,55.8,0x0
2024-02-16 14:35:01,599998000,600,250000000,,300,,31250,0x19f0a,450,599998000,250000000,0,0,300000000,1.2313,1.2500,1.2500,1.2250,55.8,0x0
2024-02-16 14:50:05,600000000,600,250000000,,300,,31250,0x19f0a,450,600000000,250000000,0,0,300000000,1.2313,1.2500,1.2500,1.2250,56.4,0x0
2024-02-16 15:06:05,600000000,600,250000000,,300,,31250,0x19f0a,450,600000000,250000000,0,0,300000000,1.2313,1.2500,1.2500,1.2250,56.4,0x0
2024-02-16 15:22:05,600000000,600,250000000,,300,,31250,0x19f0a,450,600000000,250000000,0,0,300000000,1.2313,1.2500,1.2500,1.2250,55.8,0x0
2024-02-16 15:38:05,600000000,600,250000000,,300,,31250,0x19f0a,450,600000000,250000000,0,0,300000000,1.2313,1.2500,1.2500,1.2250,55.3,0x0
2024-02-16 15:54:05,600000000,600,250000000,,300,,31250,0x19f0a,450,600000000,250000000,0,0,300000000,1.2313,1.2500,1.2500,1.2250,55.3,0x0
2024-02-16 16:10:05,600000000,600,250000000,,300,,31250,0x19f0a,450,600000000,250000000,0,0,300000000,1.2313,1.2500,1.2500,1.2250,55.3,0x0
2024-02-16 16:25:05,600000000,600,250000000,,300,,31250,0x19f0a,450,600000000,250000000,0,0,300000000,1.2313,1.2500,1.2500,1.2250,54.8,0x0
2024-02-16 16:40:06,600000000,600,250000000,,300,,31250,0x19f0a,450,600000000,250000000,0,0,300000000,1.2313,1.2500,1.2500,1.2250,55.8,0x0
2024-02-16 16:56:05,600000000,600,250000000,,300,,31250,0x19f0a,450,600000000,250000000,0,0,300000000,1.2313,1.2500,1.2500,1.2250,54.8,0x0
2024-02-16 17:12:05,600000000,600,250000000,,300,,31250,0x19f0a,450,600000000,250000000,0,0,300000000,1.2313,1.2500,1.2500,1.2250,55.3,0x0
2024-02-16 17:28:05,600000000,600,250000000,,300,,31250,0x19f0a,450,600000000,250000000,0,0,300000000,1.2313,1.2500,1.2500,1.2250,54.8,0x0
2024-02-16 17:44:05,600000000,600,250000000,,300,,31250,0x19f0a,450,600000000,250000000,0,0,300000000,1.2313,1.2500,1.2500,1.2250,54.8,0x0
2024-02-16 18:00:05,600000000,600,250000000,,300,,31250,0x19f0a,450,600000000,250000000,0,0,300000000,1.2313,1.2500,1.2500,1.2250,55.3,0x0
2024-02-16 18:16:05,600000000,600,250000000,,300,,31250,0x19f0a,450,600000000,250000000,0,0,300000000,1.2313,1.2500,1.2500,1.2250,54.8,0x0
2024-02-16 18:32:05,600000000,600,250000000,,300,,31250,0x19f0a,450,600000000,250000000,0,0,300000000,1.2313,1.2500,1.2500,1.2250,54.8,0x0
2024-02-16 18:48:05,600000000,600,250000000,,300,,31250,0x19f0a,450,600000000,250000000,0,0,300000000,1.2313,1.2500,1.2500,1.2250,53.7,0x0
2024-02-16 19:04:05,600000000,600,320000000,,300,,31250,0x19f0a,450,600000000,320000000,0,300000000,300000000,1.2313,1.2500,1.2500,1.2250,58.0,0x0
2024-02-16 19:20:05,600000000,600,320000000,,300,,31250,0x19f0a,450,600000000,320000000,0,300000000,300000000,1.2313,1.2500,1.2500,1.2250,59.6,0x0
2024-02-16 19:36:05,600000000,600,320000000,,300,,31250,0x19f0a,450,600000000,320000000,0,300000000,300000000,1.2313,1.2500,1.2500,1.2250,60.7,0x0
2024-02-16 19:52:05,600000000,600,320000000,,300,,31250,0x19f0a,450,600000000,320000000,0,300000000,300000000,1.2313,1.2500,1.2500,1.2250,60.1,0x0
2024-02-16 20:08:05,600000000,600,320000000,,300,,31250,0x19f0a,450,600000000,320000000,0,300000000,300000000,1.2313,1.2500,1.2500,1.2250,60.1,0x0
2024-02-16 20:23:55,600000000,600,320000000,,300,,31250,0x19f0a,450,600000000,320000000,0,300000000,300000000,1.2313,1.2500,1.2500,1.2250,60.7,0x0
2024-02-16 20:39:05,600000000,600,320000000,,300,,31250,0x19f0a,450,600000000,320000000,0,300000000,300000000,1.2313,1.2500,1.2500,1.2250,62.3,0x0
2024-02-16 20:54:11,600000000,600,320000000,,300,,31250,0x19f0a,450,600000000,320000000,0,300000000,300000000,1.2313,1.2500,1.2500,1.2250,62.8,0x0
2024-02-16 21:10:05,600000000,600,320000000,,300,,31250,0x19f0a,450,600000000,320000000,0,300000000,300000000,1.2313,1.2500,1.2500,1.2250,62.3,0x0
2024-02-16 21:25:05,600002000,600,320000000,,300,,31250,0x19f0a,450,600002000,320000000,0,300000000,300000000,1.2313,1.2500,1.2500,1.2250,63.4,0x0
2024-02-16 21:40:13,600000000,600,320000000,,300,,31250,0x19f0a,450,600000000,320000000,0,300000000,300000000,1.2313,1.2500,1.2500,1.2250,63.9,0x0
2024-02-16 21:56:05,600000000,600,320000000,,300,,31250,0x19f0a,450,600000000,320000000,0,300000000,300000000,1.2313,1.2500,1.2500,1.2250,63.4,0x0
2024-02-16 22:12:05,600002000,600,320000000,,300,,31250,0x19f0a,450,600002000,320000000,0,300000000,300000000,1.2313,1.2500,1.2500,1.2250,63.9,0x0
2024-02-16 22:27:11,600000000,600,320000000,,300,,31250,0x19f0a,450,600000000,320000000,0,300000000,300000000,1.2313,1.2500,1.2500,1.2250,64.5,0x0
2024-02-16 22:42:20,600000000,600,320000000,,300,,31250,0x19f0a,450,600000000,320000000,0,300000000,300000000,1.2313,1.2500,1.2500,1.2250,64.5,0x0
2024-02-16 22:58:05,600000000,600,320000000,,300,,31250,0x19f0a,450,600000000,320000000,0,300000000,300000000,1.2313,1.2500,1.2500,1.2250,63.9,0x0
2024-02-16 23:14:05,600000000,600,320000000,,300,,31250,0x19f0a,450,600000000,320000000,0,300000000,300000000,1.2313,1.2500,1.2500,1.2250,64.5,0x0
2024-02-16 23:30:05,600000000,600,320000000,,300,,31250,0x19f0a,450,600000000,320000000,0,300000000,300000000,1.2313,1.2500,1.2500,1.2250,63.4,0x0
2024-02-16 23:45:18,600000000,600,320000000,,300,,31250,0x19f0a,450,600000000,320000000,0,300000000,300000000,1.2313,1.2500,1.2500,1.2250,64.5,0x0
2024-02-17 00:00:21,600000000,600,320000000,,300,,31250,0x19f0a,450,600000000,320000000,0,300000000,300000000,1.2313,1.2500,1.2500,1.2250,65.0,0x0
2024-02-17 00:15:22,600000000,600,320000000,,300,,31250,0x19f0a,450,600000000,320000000,0,300000000,300000000,1.2313,1.2500,1.2500,1.2250,65.5,0x0
2024-02-17 00:31:05,600000000,600,320000000,,300,,31250,0x19f0a,450,600000000,320000000,0,300000000,300000000,1.2313,1.2500,1.2500,1.2250,65.0,0x0
2024-02-17 00:46:21,600000000,600,320000000,,300,,31250,0x19f0a,450,600000000,320000000,0,300000000,300000000,1.2313,1.2500,1.2500,1.2250,65.5,0x0
2024-02-17 01:02:05,600000000,600,320000000,,300,,31250,0x19f0a,450,600000000,320000000,0,300000000,300000000,1.2313,1.2500,1.2500,1.2250,64.5,0x0
2024-02-17 01:18:05,600000000,600,320000000,,300,,31250,0x19f0a,450,600000000,320000000,0,300000000,300000000,1.2313,1.2500,1.2500,1.2250,64.5,0x0
2024-02-17 01:33:24,600000000,600,320000000,,300,,31250,0x19f0a,450,600000000,320000000,0,300000000,300000000,1.2313,1.2500,1.2500,1.2250,64.5,0x0
2024-02-17 01:49:05,600000000,600,320000000,,300,,31250,0x19f0a,450,600000000,320000000,0,300000000,300000000,1.2313,1.2500,1.2500,1.2250,64.5,0x0
2024-02-17 02:04:11,600000000,600,320000000,,300,,31250,0x19f0a,450,600000000,320000000,0,300000000,300000000,1.2313,1.2500,1.2500,1.2250,65.0,0x0
2024-02-17 02:20:05,600000000,600,320000000,,300,,31250,0x19f0a,450,600000000,320000000,0,300000000,300000000,1.2313,1.2500,1.2500,1.2250,64.5,0x0
2024-02-17 02:36:05,600000000,600,320000000,,300,,31250,0x19f0a,450,600000000,320000000,0,300000000,300000000,1.2313,1.2500,1.2500,1.2250,63.9,0x0
2024-02-17 02:52:05,600000000,600,320000000,,300,,31250,0x19f0a,450,600000000,320000000,0,300000000,300000000,1.2313,1.2500,1.2500,1.2250,63.4,0x0
2024-02-17 03:08:05,600000000,600,320000000,,300,,31250,0x19f0a,450,600000000,320000000,0,300000000,300000000,1.2313,1.2500,1.2500,1.2250,62.8,0x0
2024-02-17 03:24:05,600000000,600,320000000,,300,,31250,0x19f0a,450,600000000,320000000,0,300000000,300000000,1.2313,1.2500,1.2500,1.2250,63.4,0x0
2024-02-17 03:40:05,600000000,600,320000000,,300,,31250,0x19f0a,450,600000000,320000000,0,300000000,300000000,1.2313,1.2500,1.2500,1.2250,62.8,0x0
2024-02-17 03:56:05,600000000,600,320000000,,300,,31250,0x19f0a,450,600000000,320000000,0,300000000,300000000,1.2313,1.2500,1.2500,1.2250,62.3,0x0
2024-02-17 04:12:05,600000000,600,320000000,,300,,31250,0x19f0a,450,600000000,320000000,0,300000000,300000000,1.2313,1.2500,1.2500,1.2250,62.3,0x0
2024-02-17 04:28:05,600002000,600,320000000,,300,,31250,0x19f0a,450,600002000,320000000,0,300000000,300000000,1.2313,1.2500,1.2500,1.2250,62.3,0x0
2024-02-17 04:43:14,600000000,600,320000000,,300,,31250,0x19f0a,450,600000000,320000000,0,300000000,300000000,1.2313,1.2500,1.2500,1.2250,62.3,0x0
2024-02-17 04:58:21,600000000,600,320000000,,300,,31250,0x19f0a,450,600000000,320000000,0,300000000,300000000,1.2313,1.2500,1.2500,1.2250,62.3,0x0
2024-02-17 05:14:05,600000000,600,320000000,,300,,31250,0x19f0a,450,600000000,320000000,0,300000000,300000000,1.2313,1.2500,1.2500,1.2250,62.3,0x0
2024-02-17 05:30:05,600002000,600,320000000,,300,,31250,0x19f0a,450,600002000,320000000,0,300000000,300000000,1.2313,1.2500,1.2500,1.2250,62.3,0x0
2024-02-17 05:45:22,600000000,600,320000000,,300,,31250,0x19f0a,450,600000000,320000000,0,300000000,300000000,1.2313,1.2500,1.2500,1.2250,64.5,0x0
2024-02-17 06:01:05,600000000,600,320000000,,300,,31250,0x19f0a,450,600000000,320000000,0,300000000,300000000,1.2313,1.2500,1.2500,1.2250,62.3,0x0
2024-02-17 06:16:05,600000000,600,320000000,,300,,31250,0x19f0a,450,600000000,320000000,0,300000000,300000000,1.2313,1.2500,1.2500,1.2250,62.8,0x0
2024-02-17 06:32:05,600000000,600,320000000,,300,,31250,0x19f0a,450,600000000,320000000,0,300000000,300000000,1.2313,1.2500,1.2500,1.2250,62.3,0x0
2024-02-17 06:47:29,600000000,600,320000000,,300,,31250,0x19f0a,450,600000000,320000000,0,300000000,300000000,1.2313,1.2500,1.2500,1.2250,62.8,0x0
2024-02-17 07:03:05,600000000,600,320000000,,300,,31250,0x19f0a,450,600000000,320000000,0,300000000,300000000,1.2313,1.2500,1.2500,1.2250,62.3,0x0
2024-02-17 07:18:21,600000000,600,320000000,,300,,31250,0x19f0a,450,600000000,320000000,0,300000000,300000000,1.2313,1.2500,1.2500,1.2250,63.4,0x0
2024-02-17 07:34:05,600000000,600,320000000,,300,,31250,0x19f0a,450,600000000,320000000,0,300000000,300000000,1.2313,1.2500,1.2500,1.2250,63.4,0x0
2024-02-17 07:50:05,600000000,600,320000000,,300,,31250,0x19f0a,450,600000000,320000000,0,300000000,300000000,1.2313,1.2500,1.2500,1.2250,62.8,0x0
2024-02-17 08:05:06,600000000,600,320000000,,300,,31250,0x19f0a,450,600000000,320000000,0,300000000,300000000,1.2313,1.2500,1.2500,1.2250,63.4,0x0
2024-02-17 08:20:21,600000000,600,320000000,,300,,31250,0x19f0a,450,600000000,320000000,0,300000000,300000000,1.2313,1.2500,1.2500,1.2250,64.5,0x0
2024-02-17 08:36:05,600000000,600,320000000,,300,,31250,0x19f0a,450,600000000,320000000,0,300000000,300000000,1.2313,1.2500,1.2500,1.2250,63.9,0x0
2024-02-17 08:52:05,600000000,600,320000000,,300,,31250,0x19f0a,450,600000000,320000000,0,300000000,300000000,1.2313,1.2500,1.2500,1.2250,63.9,0x0
2024-02-17 09:08:05,600000000,600,320000000,,300,,31250,0x19f0a,450,600000000,320000000,0,300000000,300000000,1.2313,1.2500,1.2500,1.2250,63.9,0x0
2024-02-17 09:24:01,600000000,600,320000000,,300,,31250,0x19f0a,450,600000000,320000000,0,300000000,300000000,1.2313,1.2500,1.2500,1.2250,63.9,0x0
2024-02-17 09:39:05,600000000,600,320000000,,300,,31250,0x19f0a,450,600000000,320000000,0,300000000,300000000,1.2313,1.2500,1.2500,1.2250,64.5,0x0
2024-02-17 09:54:11,600000000,600,320000000,,300,,31250,0x19f0a,450,600000000,320000000,0,300000000,300000000,1.2313,1.2500,1.2500,1.2250,64.5,0x0
2024-02-17 10:10:05,600002000,600,320000000,,300,,31250,0x19f0a,450,600002000,320000000,0,300000000,300000000,1.2313,1.2500,1.2500,1.2250,64.5,0x0
2024-02-17 10:25:06,600002000,600,320000000,,300,,31250,0x19f0a,450,600002000,320000000,0,300000000,300000000,1.2313,1.2500,1.2500,1.2250,65.0,0x0
2024-02-17 10:40:22,600000000,600,320000000,,300,,31250,0x19f0a,450,600000000,320000000,0,300000000,300000000,1.2313,1.2500,1.2500,1.2250,66.6,0x0
2024-02-17 10:56:05,600000000,600,320000000,,300,,31250,0x19f0a,450,600000000,320000000,0,300000000,300000000,1.2313,1.2500,1.2500,1.2250,65.5,0x0
2024-02-17 11:12:05,600000000,600,320000000,,300,,31250,0x19f0a,450,600000000,320000000,0,300000000,300000000,1.2313,1.2500,1.2500,1.2250,65.0,0x0
2024-02-17 11:28:05,600000000,600,320000000,,300,,31250,0x19f0a,450,600000000,320000000,0,300000000,300000000,1.2313,1.2500,1.2500,1.2250,65.5,0x0
2024-02-17 11:44:05,600000000,600,320000000,,300,,31250,0x19f0a,450,600000000,320000000,0,300000000,300000000,1.2313,1.2500,1.2500,1.2250,65.5,0x0
2024-02-17 12:00:06,600000000,600,320000000,,300,,31250,0x19f0a,450,600000000,320000000,0,300000000,300000000,1.2313,1.2500,1.2500,1.2250,65.5,0x0
2024-02-17 12:16:05,600000000,600,320000000,,300,,31250,0x19f0a,450,600000000,320000000,0,300000000,300000000,1.2313,1.2500,1.2500,1.2250,65.5,0x0
2024-02-17 12:32:05,600000000,600,320000000,,300,,31250,0x19f0a,450,600000000,320000000,0,300000000,300000000,1.2313,1.2500,1.2500,1.2250,66.1,0x0
2024-02-17 12:48:05,600000000,600,320000000,,300,,31250,0x19f0a,450,600000000,320000000,0,300000000,300000000,1.2313,1.2500,1.2500,1.2250,66.6,0x0
2024-02-17 13:04:05,600000000,600,320000000,,300,,31250,0x19f0a,450,600000000,320000000,0,300000000,300000000,1.2313,1.2500,1.2500,1.2250,66.1,0x0
2024-02-17 13:20:05,600000000,600,320000000,,300,,31250,0x19f0a,450,600000000,320000000,0,300000000,300000000,1.2313,1.2500,1.2500,1.2250,66.6,0x0
2024-02-17 13:36:05,600000000,600,320000000,,300,,31250,0x19f0a,450,600000000,320000000,0,300000000,300000000,1.2313,1.2500,1.2500,1.2250,66.1,0x0
2024-02-17 13:52:05,600000000,600,320000000,,300,,31250,0x19f0a,450,600000000,320000000,0,300000000,300000000,1.2313,1.2500,1.2500,1.2250,66.6,0x0
2024-02-17 14:08:05,600000000,600,320000000,,300,,31250,0x19f0a,450,600000000,320000000,0,300000000,300000000,1.2313,1.2500,1.2500,1.2250,66.6,0x0
2024-02-17 14:24:05,600000000,600,320000000,,300,,31250,0x19f0a,450,600000000,320000000,0,300000000,300000000,1.2313,1.2500,1.2500,1.2250,67.1,0x0
2024-02-17 14:40:05,600000000,600,320000000,,300,,31250,0x19f0a,450,600000000,320000000,0,300000000,300000000,1.2313,1.2500,1.2500,1.2250,67.1,0x0
2024-02-17 14:56:05,600000000,600,320000000,,300,,31250,0x19f0a,450,600000000,320000000,0,300000000,300000000,1.2313,1.2500,1.2500,1.2250,66.6,0x0
2024-02-17 15:12:05,600000000,600,320000000,,300,,31250,0x19f0a,450,600000000,320000000,0,300000000,300000000,1.2313,1.2500,1.2500,1.2250,66.6,0x0
2024-02-17 15:28:05,600000000,600,320000000,,300,,31250,0x19f0a,450,600000000,320000000,0,300000000,300000000,1.2313,1.2500,1.2500,1.2250,66.6,0x0
2024-02-17 15:44:05,600000000,600,320000000,,300,,31250,0x19f0a,450,600000000,320000000,0,300000000,300000000,1.2313,1.2500,1.2500,1.2250,66.6,0x0
2024-02-17 16:00:05,600002000,600,320000000,,300,,31250,0x19f0a,450,600002000,320000000,0,300000000,300000000,1.2313,1.2500,1.2500,1.2250,66.6,0x0
2024-02-17 16:16:05,600000000,600,320000000,,300,,31250,0x19f0a,450,600000000,320000000,0,300000000,300000000,1.2313,1.2500,1.2500,1.2250,66.6,0x0
2024-02-17 16:32:05,600000000,600,320000000,,300,,31250,0x19f0a,450,600000000,320000000,0,300000000,300000000,1.2313,1.2500,1.2500,1.2250,66.1,0x0
2024-02-17 16:48:05,600000000,600,320000000,,300,,31250,0x19f0a,450,600000000,320000000,0,300000000,300000000,1.2313,1.2500,1.2500,1.2250,66.6,0x0
2024-02-17 17:04:05,600000000,600,320000000,,300,,31250,0x19f0a,450,600000000,320000000,0,300000000,300000000,1.2313,1.2500,1.2500,1.2250,65.5,0x0
2024-02-17 17:20:05,600000000,600,320000000,,300,,31250,0x19f0a,450,600000000,320000000,0,300000000,300000000,1.2313,1.2500,1.2500,1.2250,65.5,0x0
2024-02-17 17:36:05,600000000,600,320000000,,300,,31250,0x19f0a,450,600000000,320000000,0,300000000,300000000,1.2313,1.2500,1.2500,1.2250,66.1,0x0
2024-02-17 17:52:05,600000000,600,320000000,,300,,31250,0x19f0a,450,600000000,320000000,0,300000000,300000000,1.2313,1.2500,1.2500,1.2250,65.5,0x0
2024-02-17 18:08:05,600000000,600,320000000,,300,,31250,0x19f0a,450,600000000,320000000,0,300000000,300000000,1.2313,1.2500,1.2500,1.2250,65.0,0x0
2024-02-17 18:24:05,600000000,600,320000000,,300,,31250,0x19f0a,450,600000000,320000000,0,300000000,300000000,1.2313,1.2500,1.2500,1.2250,65.5,0x0
2024-02-17 18:40:05,600000000,600,320000000,,300,,31250,0x19f0a,450,600000000,320000000,0,300000000,300000000,1.2313,1.2500,1.2500,1.2250,65.5,0x0
2024-02-17 18:56:05,600000000,600,320000000,,300,,31250,0x19f0a,450,600000000,320000000,0,300000000,300000000,1.2313,1.2500,1.2500,1.2250,65.5,0x0
2024-02-17 19:12:05,600000000,600,320000000,,300,,31250,0x19f0a,450,600000000,320000000,0,300000000,300000000,1.2313,1.2500,1.2500,1.2250,65.0,0x0
2024-02-17 19:28:05,600000000,600,320000000,,300,,31250,0x19f0a,450,600000000,320000000,0,300000000,300000000,1.2313,1.2500,1.2500,1.2250,65.5,0x0
2024-02-17 19:44:05,600000000,600,320000000,,300,,31250,0x19f0a,450,600000000,320000000,0,300000000,300000000,1.2313,1.2500,1.2500,1.2250,65.5,0x0
2024-02-17 20:00:06,600000000,600,320000000,,300,,31250,0x19f0a,450,600000000,320000000,0,300000000,300000000,1.2313,1.2500,1.2500,1.2250,65.0,0x0
2024-02-17 20:16:05,600000000,600,320000000,,300,,31250,0x19f0a,450,600000000,320000000,0,300000000,300000000,1.2313,1.2500,1.2500,1.2250,65.5,0x0
2024-02-17 20:32:05,600002000,600,320000000,,300,,31250,0x19f0a,450,600002000,320000000,0,300000000,300000000,1.2313,1.2500,1.2500,1.2250,65.0,0x0
2024-02-17 20:48:05,600000000,600,320000000,,300,,31250,0x19f0a,450,600000000,320000000,0,300000000,300000000,1.2313,1.2500,1.2500,1.2250,65.0,0x0
2024-02-17 21:03:45,600000000,600,320000000,,300,,31250,0x19f0a,450,600000000,320000000,0,300000000,300000000,1.2313,1.2500,1.2500,1.2250,65.0,0x0
2024-02-17 21:19:05,600000000,600,320000000,,300,,31250,0x19f0a,450,600000000,320000000,0,300000000,300000000,1.2313,1.2500,1.2500,1.2250,65.5,0x0
2024-02-17 21:34:05,600000000,600,320000000,,300,,31250,0x19f0a,450,600000000,320000000,0,300000000,300000000,1.2313,1.2500,1.2500,1.2250,65.5,0x0
2024-02-17 21:50:05,600000000,600,320000000,,300,,31250,0x19f0a,450,600000000,320000000,0,300000000,300000000,1.2313,1.2500,1.2500,1.2250,65.5,0x0
2024-02-17 22:06:05,600000000,600,320000000,,300,,31250,0x19f0a,450,600000000,320000000,0,300000000,300000000,1.2313,1.2500,1.2500,1.2250,65.5,0x0
2024-02-17 22:20:07,600000000,600,320000000,,300,,31250,0x19f0a,450,600000000,320000000,0,300000000,300000000,1.2313,1.2500,1.2500,1.2250,65.5,0x0
2024-02-17 22:20:13,600062000,600,250000000,,300,,31250,0x1b774,450,600062000,250000000,0,0,300000000,1.2313,1.2500,1.2500,1.2250,65.5,0x0
2024-02-17 22:27:45,600000000,600,320000000,,300,,31250,0x1b774,450,600000000,320000000,0,300000000,300000000,1.2313,1.2500,1.2500,1.2250,63.4,0x0
2024-02-17 22:42:49,600000000,600,320000000,,300,,31250,0x1b774,450,600000000,320000000,0,300000000,300000000,1.2313,1.2500,1.2500,1.2250,62.3,0x0
2024-02-17 22:58:24,600000000,600,320000000,,300,,31250,0x1b774,450,600000000,320000000,0,300000000,300000000,1.2313,1.2500,1.2500,1.2250,62.3,0x0
2024-02-17 23:13:44,600000000,600,320000000,,300,,31250,0x1b774,450,600000000,320000000,0,300000000,300000000,1.2313,1.2500,1.2500,1.2250,63.4,0x0
2024-02-17 23:28:49,600000000,600,320000000,,300,,31250,0x1b774,450,600000000,320000000,0,300000000,300000000,1.2313,1.2500,1.2500,1.2250,64.5,0x0
2024-02-17 23:44:36,600000000,600,320000000,,300,,31250,0x1b774,450,600000000,320000000,0,300000000,300000000,1.2313,1.2500,1.2500,1.2250,63.9,0x0
2024-02-17 23:59:44,600000000,600,320000000,,300,,31250,0x1b774,450,600000000,320000000,0,300000000,300000000,1.2313,1.2500,1.2500,1.2250,64.5,0x0
2024-02-18 00:15:44,600000000,600,320000000,,300,,31250,0x1b774,450,600000000,320000000,0,300000000,300000000,1.2313,1.2500,1.2500,1.2250,65.0,0x0
2024-02-18 00:30:52,600000000,600,320000000,,300,,31250,0x1b774,450,600000000,320000000,0,300000000,300000000,1.2313,1.2500,1.2500,1.2250,65.0,0x0
2024-02-18 00:45:53,600000000,600,320000000,,300,,31250,0x1b774,450,600000000,320000000,0,300000000,300000000,1.2313,1.2500,1.2500,1.2250,65.5,0x0
2024-02-18 01:01:34,600000000,600,320000000,,300,,31250,0x1b774,450,600000000,320000000,0,300000000,300000000,1.2313,1.2500,1.2500,1.2250,64.5,0x0
2024-02-18 01:16:36,600000000,600,320000000,,300,,31250,0x1b774,450,600000000,320000000,0,300000000,300000000,1.2313,1.2500,1.2500,1.2250,64.5,0x0
2024-02-18 01:31:44,600000000,600,320000000,,300,,31250,0x1b774,450,600000000,320000000,0,300000000,300000000,1.2313,1.2500,1.2500,1.2250,65.0,0x0
2024-02-18 01:46:52,600000000,600,320000000,,300,,31250,0x1b774,450,600000000,320000000,0,300000000,300000000,1.2313,1.2500,1.2500,1.2250,66.1,0x0
2024-02-18 02:02:37,600000000,600,320000000,,300,,31250,0x1b774,450,600000000,320000000,0,300000000,300000000,1.2313,1.2500,1.2500,1.2250,65.0,0x0
2024-02-18 02:17:41,600000000,600,320000000,,300,,31250,0x1b774,450,600000000,320000000,0,300000000,300000000,1.2313,1.2500,1.2500,1.2250,65.5,0x0
2024-02-18 02:32:44,600000000,600,320000000,,300,,31250,0x1b774,450,600000000,320000000,0,300000000,300000000,1.2313,1.2500,1.2500,1.2250,66.6,0x0
2024-02-18 02:47:44,600000000,600,320000000,,300,,31250,0x1b774,450,600000000,320000000,0,300000000,300000000,1.2313,1.2500,1.2500,1.2250,65.5,0x0
2024-02-18 03:02:52,600000000,600,320000000,,300,,31250,0x1b774,450,600000000,320000000,0,300000000,300000000,1.2313,1.2500,1.2500,1.2250,65.5,0x0
2024-02-18 03:18:34,600000000,600,320000000,,300,,31250,0x1b774,450,600000000,320000000,0,300000000,300000000,1.2313,1.2500,1.2500,1.2250,65.0,0x0
2024-02-18 03:33:44,600000000,600,320000000,,300,,31250,0x1b774,450,600000000,320000000,0,300000000,300000000,1.2313,1.2500,1.2500,1.2250,64.5,0x0
2024-02-18 03:48:51,600000000,600,320000000,,300,,31250,0x1b774,450,600000000,320000000,0,300000000,300000000,1.2313,1.2500,1.2500,1.2250,65.5,0x0
2024-02-18 04:04:25,600000000,600,320000000,,300,,31250,0x1b774,450,600000000,320000000,0,300000000,300000000,1.2313,1.2500,1.2500,1.2250,64.5,0x0
2024-02-18 04:19:44,600000000,600,320000000,,300,,31250,0x1b774,450,600000000,320000000,0,300000000,300000000,1.2313,1.2500,1.2500,1.2250,65.5,0x0
2024-02-18 04:35:44,600000000,600,320000000,,300,,31250,0x1b774,450,600000000,320000000,0,300000000,300000000,1.2313,1.2500,1.2500,1.2250,65.0,0x0
2024-02-18 04:50:50,600002000,600,320000000,,300,,31250,0x1b774,450,600002000,320000000,0,300000000,300000000,1.2313,1.2500,1.2500,1.2250,66.6,0x0
2024-02-18 05:06:36,600002000,600,320000000,,300,,31250,0x1b774,450,600002000,320000000,0,300000000,300000000,1.2313,1.2500,1.2500,1.2250,65.5,0x0
2024-02-18 05:21:44,600000000,600,320000000,,300,,31250,0x1b774,450,600000000,320000000,0,300000000,300000000,1.2313,1.2500,1.2500,1.2250,65.0,0x0
2024-02-18 05:36:52,600000000,600,320000000,,300,,31250,0x1b774,450,600000000,320000000,0,300000000,300000000,1.2313,1.2500,1.2500,1.2250,65.5,0x0
2024-02-18 05:51:53,600000000,600,320000000,,300,,31250,0x1b774,450,600000000,320000000,0,300000000,300000000,1.2313,1.2500,1.2500,1.2250,65.0,0x0
2024-02-18 06:07:44,600000000,600,320000000,,300,,31250,0x1b774,450,600000000,320000000,0,300000000,300000000,1.2313,1.2500,1.2500,1.2250,64.5,0x0
2024-02-18 06:23:44,600000000,600,320000000,,300,,31250,0x1b774,450,600000000,320000000,0,300000000,300000000,1.2313,1.2500,1.2500,1.2250,65.0,0x0
2024-02-18 06:38:52,600000000,600,320000000,,300,,31250,0x1b774,450,600000000,320000000,0,300000000,300000000,1.2313,1.2500,1.2500,1.2250,66.1,0x0
2024-02-18 06:54:34,600000000,600,320000000,,300,,31250,0x1b774,450,600000000,320000000,0,300000000,300000000,1.2313,1.2500,1.2500,1.2250,65.5,0x0
2024-02-18 07:09:44,600000000,600,320000000,,300,,31250,0x1b774,450,600000000,320000000,0,300000000,300000000,1.2313,1.2500,1.2500,1.2250,65.0,0x0
2024-02-18 07:24:52,600000000,600,320000000,,300,,31250,0x1b774,450,600000000,320000000,0,300000000,300000000,1.2313,1.2500,1.2500,1.2250,65.5,0x0
2024-02-18 07:40:25,600000000,600,320000000,,300,,31250,0x1b774,450,600000000,320000000,0,300000000,300000000,1.2313,1.2500,1.2500,1.2250,65.0,0x0
2024-02-18 07:55:44,600000000,600,320000000,,300,,31250,0x1b774,450,600000000,320000000,0,300000000,300000000,1.2313,1.2500,1.2500,1.2250,65.0,0x0
2024-02-18 08:11:45,600000000,600,320000000,,300,,31250,0x1b774,450,600000000,320000000,0,300000000,300000000,1.2313,1.2500,1.2500,1.2250,65.0,0x0
2024-02-18 08:26:52,600000000,600,320000000,,300,,31250,0x1b774,450,600000000,320000000,0,300000000,300000000,1.2313,1.2500,1.2500,1.2250,65.5,0x0
2024-02-18 08:42:35,600000000,600,320000000,,300,,31250,0x1b774,450,600000000,320000000,0,300000000,300000000,1.2313,1.2500,1.2500,1.2250,65.5,0x0
2024-02-18 08:57:44,600000000,600,320000000,,300,,31250,0x1b774,450,600000000,320000000,0,300000000,300000000,1.2313,1.2500,1.2500,1.2250,65.0,0x0
2024-02-18 09:12:52,600000000,600,320000000,,300,,31250,0x1b774,450,600000000,320000000,0,300000000,300000000,1.2313,1.2500,1.2500,1.2250,66.1,0x0
2024-02-18 09:28:25,600000000,600,320000000,,300,,31250,0x1b774,450,600000000,320000000,0,300000000,300000000,1.2313,1.2500,1.2500,1.2250,65.5,0x0
2024-02-18 09:43:34,600000000,600,320000000,,300,,31250,0x1b774,450,600000000,320000000,0,300000000,300000000,1.2313,1.2500,1.2500,1.2250,65.5,0x0
2024-02-18 09:58:40,600000000,600,320000000,,300,,31250,0x1b774,450,600000000,320000000,0,300000000,300000000,1.2313,1.2500,1.2500,1.2250,66.1,0x0
2024-02-18 10:13:44,600000000,600,320000000,,300,,31250,0x1b774,450,600000000,320000000,0,300000000,300000000,1.2313,1.2500,1.2500,1.2250,65.5,0x0
2024-02-18 10:29:44,600000000,600,320000000,,300,,31250,0x1b774,450,600000000,320000000,0,300000000,300000000,1.2313,1.2500,1.2500,1.2250,65.5,0x0
2024-02-18 10:44:52,600000000,600,320000000,,300,,31250,0x1b774,450,600000000,320000000,0,300000000,300000000,1.2313,1.2500,1.2500,1.2250,67.1,0x0
2024-02-18 11:00:37,600000000,600,320000000,,300,,31250,0x1b774,450,600000000,320000000,0,300000000,300000000,1.2313,1.2500,1.2500,1.2250,66.6,0x0
2024-02-18 11:15:44,600000000,600,320000000,,300,,31250,0x1b774,450,600000000,320000000,0,300000000,300000000,1.2313,1.2500,1.2500,1.2250,66.6,0x0
2024-02-18 11:30:48,600000000,600,320000000,,300,,31250,0x1b774,450,600000000,320000000,0,300000000,300000000,1.2313,1.2500,1.2500,1.2250,67.7,0x0
2024-02-18 11:45:54,600000000,600,320000000,,300,,31250,0x1b774,450,600000000,320000000,0,300000000,300000000,1.2313,1.2500,1.2500,1.2250,67.7,0x0
2024-02-18 12:01:44,600000000,600,320000000,,300,,31250,0x1b774,450,600000000,320000000,0,300000000,300000000,1.2313,1.2500,1.2500,1.2250,67.1,0x0
2024-02-18 12:16:53,600000000,600,320000000,,300,,31250,0x1b774,450,600000000,320000000,0,300000000,300000000,1.2313,1.2500,1.2500,1.2250,67.7,0x0
2024-02-18 12:32:37,600002000,600,320000000,,300,,31250,0x1b774,450,600002000,320000000,0,300000000,300000000,1.2313,1.2500,1.2500,1.2250,67.7,0x0
2024-02-18 12:47:45,600000000,600,320000000,,300,,31250,0x1b774,450,600000000,320000000,0,300000000,300000000,1.2313,1.2500,1.2500,1.2250,67.1,0x0
2024-02-18 13:02:52,600000000,600,320000000,,300,,31250,0x1b774,450,600000000,320000000,0,300000000,300000000,1.2313,1.2500,1.2500,1.2250,67.7,0x0
2024-02-18 13:18:37,600000000,600,320000000,,300,,31250,0x1b774,450,600000000,320000000,0,300000000,300000000,1.2313,1.2500,1.2500,1.2250,66.6,0x0
2024-02-18 13:33:44,600000000,600,320000000,,300,,31250,0x1b774,450,600000000,320000000,0,300000000,300000000,1.2313,1.2500,1.2500,1.2250,68.2,0x0
2024-02-18 13:48:52,600000000,600,320000000,,300,,31250,0x1b774,450,600000000,320000000,0,300000000,300000000,1.2313,1.2500,1.2500,1.2250,69.8,0x0
2024-02-18 14:04:25,600000000,600,320000000,,300,,31250,0x1b774,450,600000000,320000000,0,300000000,300000000,1.2313,1.2500,1.2500,1.2250,68.2,0x0
2024-02-18 14:19:44,600000000,600,320000000,,300,,31250,0x1b774,450,600000000,320000000,0,300000000,300000000,1.2313,1.2500,1.2500,1.2250,68.2,0x0
2024-02-18 14:35:34,600000000,600,320000000,,300,,31250,0x1b774,450,600000000,320000000,0,300000000,300000000,1.2313,1.2500,1.2500,1.2250,67.1,0x0
2024-02-18 14:50:44,600000000,600,320000000,,300,,31250,0x1b774,450,600000000,320000000,0,300000000,300000000,1.2313,1.2500,1.2500,1.2250,68.8,0x0
2024-02-18 15:06:37,600000000,600,320000000,,300,,31250,0x1b774,450,600000000,320000000,0,300000000,300000000,1.2313,1.2500,1.2500,1.2250,66.6,0x0
2024-02-18 15:21:44,600000000,600,320000000,,300,,31250,0x1b774,450,600000000,320000000,0,300000000,300000000,1.2313,1.2500,1.2500,1.2250,67.1,0x0
2024-02-18 15:36:52,600000000,600,320000000,,300,,31250,0x1b774,450,600000000,320000000,0,300000000,300000000,1.2313,1.2500,1.2500,1.2250,67.7,0x0
2024-02-18 15:52:36,600000000,600,320000000,,300,,31250,0x1b774,450,600000000,320000000,0,300000000,300000000,1.2313,1.2500,1.2500,1.2250,66.6,0x0
2024-02-18 16:07:44,600002000,600,320000000,,300,,31250,0x1b774,450,600002000,320000000,0,300000000,300000000,1.2313,1.2500,1.2500,1.2250,67.1,0x0
2024-02-18 16:23:34,600000000,600,320000000,,300,,31250,0x1b774,450,600000000,320000000,0,300000000,300000000,1.2313,1.2500,1.2500,1.2250,67.1,0x0
2024-02-18 16:38:37,600000000,600,320000000,,300,,31250,0x1b774,450,600000000,320000000,0,300000000,300000000,1.2313,1.2500,1.2500,1.2250,66.6,0x0
2024-02-18 16:42:57,600000000,600,320000000,,300,,31250,0x1b774,450,600000000,320000000,0,300000000,300000000,1.2313,1.2500,1.2500,1.2250,66.6,0x0
2024-02-18 16:43:02,0,600,250000000,,300,,31250,0x19f0a,450,0,250000000,0,0,300000000,1.2313,1.2500,1.2500,1.2250,36.5,0x0
2024-02-18 17:03:47,600000000,600,320000000,,300,,31250,0x19f0a,450,600000000,320000000,0,300000000,300000000,1.2313,1.2500,1.2500,1.2250,50.5,0x0
2024-02-18 17:19:47,600000000,600,320000000,,300,,31250,0x19f0a,450,600000000,320000000,0,300000000,300000000,1.2313,1.2500,1.2500,1.2250,57.5,0x0
2024-02-18 17:35:47,600000000,600,320000000,,300,,31250,0x19f0a,450,600000000,320000000,0,300000000,300000000,1.2313,1.2500,1.2500,1.2250,60.7,0x0
2024-02-18 17:51:47,600000000,600,320000000,,300,,31250,0x19f0a,450,600000000,320000000,0,300000000,300000000,1.2313,1.2500,1.2500,1.2250,62.3,0x0
2024-02-18 18:07:47,600000000,600,320000000,,300,,31250,0x19f0a,450,600000000,320000000,0,300000000,300000000,1.2313,1.2500,1.2500,1.2250,63.4,0x0
2024-02-18 18:23:47,600000000,600,320000000,,300,,31250,0x19f0a,450,600000000,320000000,0,300000000,300000000,1.2313,1.2500,1.2500,1.2250,64.5,0x0
2024-02-18 18:39:47,600000000,600,320000000,,300,,31250,0x19f0a,450,600000000,320000000,0,300000000,300000000,1.2313,1.2500,1.2500,1.2250,64.5,0x0
2024-02-18 18:55:47,600000000,600,320000000,,300,,31250,0x19f0a,450,600000000,320000000,0,300000000,300000000,1.2313,1.2500,1.2500,1.2250,65.0,0x0
2024-02-18 19:11:47,600000000,600,320000000,,300,,31250,0x19f0a,450,600000000,320000000,0,300000000,300000000,1.2313,1.2500,1.2500,1.2250,64.5,0x0
2024-02-18 19:27:47,600000000,600,320000000,,300,,31250,0x19f0a,450,600000000,320000000,0,300000000,300000000,1.2313,1.2500,1.2500,1.2250,64.5,0x0
2024-02-18 19:43:47,600000000,600,320000000,,300,,31250,0x19f0a,450,600000000,320000000,0,300000000,300000000,1.2313,1.2500,1.2500,1.2250,65.0,0x0
2024-02-18 19:59:17,600000000,600,320000000,,300,,31250,0x19f0a,450,600000000,320000000,0,300000000,300000000,1.2313,1.2500,1.2500,1.2250,65.0,0x0
2024-02-18 20:14:28,600000000,600,320000000,,300,,31250,0x19f0a,450,600000000,320000000,0,300000000,300000000,1.2313,1.2500,1.2500,1.2250,66.6,0x0
2024-02-18 20:29:47,600000000,600,320000000,,300,,31250,0x19f0a,450,600000000,320000000,0,300000000,300000000,1.2313,1.2500,1.2500,1.2250,65.0,0x0
2024-02-18 20:45:12,600000000,600,320000000,,300,,31250,0x19f0a,450,600000000,320000000,0,300000000,300000000,1.2313,1.2500,1.2500,1.2250,65.0,0x0
2024-02-18 21:00:14,600000000,600,320000000,,300,,31250,0x19f0a,450,600000000,320000000,0,300000000,300000000,1.2313,1.2500,1.2500,1.2250,66.6,0x0
2024-02-18 21:15:47,600000000,600,320000000,,300,,31250,0x19f0a,450,600000000,320000000,0,300000000,300000000,1.2313,1.2500,1.2500,1.2250,65.0,0x0
2024-02-18 21:31:47,600000000,600,320000000,,300,,31250,0x19f0a,450,600000000,320000000,0,300000000,300000000,1.2313,1.2500,1.2500,1.2250,64.5,0x0
2024-02-18 21:40:50,600000000,600,320000000,,300,,31250,0x19f0a,450,600000000,320000000,0,300000000,300000000,1.2313,1.2500,1.2500,1.2250,64.5,0x0
2024-02-18 21:40:57,600064000,600,250000000,,300,,31250,0x1b774,450,600064000,250000000,0,0,300000000,1.2313,1.2500,1.2500,1.2250,65.0,0x0
2024-02-18 21:48:34,600000000,600,320000000,,300,,31250,0x1b774,450,600000000,320000000,0,300000000,300000000,1.2313,1.2500,1.2500,1.2250,63.4,0x0
2024-02-18 22:03:58,600000000,600,320000000,,300,,31250,0x1b774,450,600000000,320000000,0,300000000,300000000,1.2313,1.2500,1.2500,1.2250,62.3,0x0
2024-02-18 22:19:24,600000000,600,320000000,,300,,31250,0x1b774,450,600000000,320000000,0,300000000,300000000,1.2313,1.2500,1.2500,1.2250,61.2,0x0
2024-02-18 22:34:31,600000000,600,320000000,,300,,31250,0x1b774,450,600000000,320000000,0,300000000,300000000,1.2313,1.2500,1.2500,1.2250,61.2,0x0
2024-02-18 22:49:34,600000000,600,320000000,,300,,31250,0x1b774,450,600000000,320000000,0,300000000,300000000,1.2313,1.2500,1.2500,1.2250,60.7,0x0
2024-02-18 23:04:48,600000000,600,320000000,,300,,31250,0x1b774,450,600000000,320000000,0,300000000,300000000,1.2313,1.2500,1.2500,1.2250,61.8,0x0
2024-02-18 23:20:34,600000000,600,320000000,,300,,31250,0x1b774,450,600000000,320000000,0,300000000,300000000,1.2313,1.2500,1.2500,1.2250,60.7,0x0
2024-02-18 23:36:34,600000000,600,320000000,,300,,31250,0x1b774,450,600000000,320000000,0,300000000,300000000,1.2313,1.2500,1.2500,1.2250,60.1,0x0
2024-02-18 23:52:34,600000000,600,320000000,,300,,31250,0x1b774,450,600000000,320000000,0,300000000,300000000,1.2313,1.2500,1.2500,1.2250,60.7,0x0
2024-02-19 00:08:34,600000000,600,320000000,,300,,31250,0x1b774,450,600000000,320000000,0,300000000,300000000,1.2313,1.2500,1.2500,1.2250,60.7,0x0
2024-02-19 00:24:34,600000000,600,320000000,,300,,31250,0x1b774,450,600000000,320000000,0,300000000,300000000,1.2313,1.2500,1.2500,1.2250,61.8,0x0
2024-02-19 00:40:34,600000000,600,320000000,,300,,31250,0x1b774,450,600000000,320000000,0,300000000,300000000,1.2313,1.2500,1.2500,1.2250,61.8,0x0
2024-02-19 00:56:34,600000000,600,320000000,,300,,31250,0x1b774,450,600000000,320000000,0,300000000,300000000,1.2313,1.2500,1.2500,1.2250,62.3,0x0
2024-02-19 01:11:38,600000000,600,320000000,,300,,31250,0x1b774,450,600000000,320000000,0,300000000,300000000,1.2313,1.2500,1.2500,1.2250,62.3,0x0
2024-02-19 01:26:49,600000000,600,320000000,,300,,31250,0x1b774,450,600000000,320000000,0,300000000,300000000,1.2313,1.2500,1.2500,1.2250,62.8,0x0
2024-02-19 01:42:34,600000000,600,320000000,,300,,31250,0x1b774,450,600000000,320000000,0,300000000,300000000,1.2313,1.2500,1.2500,1.2250,62.3,0x0
2024-02-19 01:58:34,600000000,600,320000000,,300,,31250,0x1b774,450,600000000,320000000,0,300000000,300000000,1.2313,1.2500,1.2500,1.2250,62.3,0x0
2024-02-19 02:14:34,600000000,600,320000000,,300,,31250,0x1b774,450,600000000,320000000,0,300000000,300000000,1.2313,1.2500,1.2500,1.2250,62.3,0x0
2024-02-19 02:30:08,600000000,600,320000000,,300,,31250,0x1b774,450,600000000,320000000,0,300000000,300000000,1.2313,1.2500,1.2500,1.2250,61.2,0x0
2024-02-19 02:45:34,600000000,600,320000000,,300,,31250,0x1b774,450,600000000,320000000,0,300000000,300000000,1.2313,1.2500,1.2500,1.2250,62.3,0x0
2024-02-19 03:00:35,600000000,600,320000000,,300,,31250,0x1b774,450,600000000,320000000,0,300000000,300000000,1.2313,1.2500,1.2500,1.2250,62.3,0x0
2024-02-19 03:16:34,600000000,600,320000000,,300,,31250,0x1b774,450,600000000,320000000,0,300000000,300000000,1.2313,1.2500,1.2500,1.2250,62.3,0x0
2024-02-19 03:32:34,600000000,600,320000000,,300,,31250,0x1b774,450,600000000,320000000,0,300000000,300000000,1.2313,1.2500,1.2500,1.2250,62.3,0x0
2024-02-19 03:48:34,600002000,600,320000000,,300,,31250,0x1b774,450,600002000,320000000,0,300000000,300000000,1.2313,1.2500,1.2500,1.2250,62.3,0x0
2024-02-19 04:04:34,600000000,600,320000000,,300,,31250,0x1b774,450,600000000,320000000,0,300000000,300000000,1.2313,1.2500,1.2500,1.2250,62.3,0x0
2024-02-19 04:20:34,600000000,600,320000000,,300,,31250,0x1b774,450,600000000,320000000,0,300000000,300000000,1.2313,1.2500,1.2500,1.2250,63.4,0x0
2024-02-19 04:36:34,600000000,600,320000000,,300,,31250,0x1b774,450,600000000,320000000,0,300000000,300000000,1.2313,1.2500,1.2500,1.2250,62.3,0x0
2024-02-19 04:52:34,600000000,600,320000000,,300,,31250,0x1b774,450,600000000,320000000,0,300000000,300000000,1.2313,1.2500,1.2500,1.2250,62.3,0x0
2024-02-19 05:08:35,600000000,600,320000000,,300,,31250,0x1b774,450,600000000,320000000,0,300000000,300000000,1.2313,1.2500,1.2500,1.2250,62.3,0x0
2024-02-19 05:24:34,600000000,600,320000000,,300,,31250,0x1b774,450,600000000,320000000,0,300000000,300000000,1.2313,1.2500,1.2500,1.2250,62.3,0x0
2024-02-19 05:40:34,600000000,600,320000000,,300,,31250,0x1b774,450,600000000,320000000,0,300000000,300000000,1.2313,1.2500,1.2500,1.2250,62.8,0x0
2024-02-19 05:56:34,600000000,600,320000000,,300,,31250,0x1b774,450,600000000,320000000,0,300000000,300000000,1.2313,1.2500,1.2500,1.2250,63.4,0x0
2024-02-19 06:12:34,600000000,600,320000000,,300,,31250,0x1b774,450,600000000,320000000,0,300000000,300000000,1.2313,1.2500,1.2500,1.2250,63.4,0x0
2024-02-19 06:28:34,600002000,600,320000000,,300,,31250,0x1b774,450,600002000,320000000,0,300000000,300000000,1.2313,1.2500,1.2500,1.2250,63.4,0x0
2024-02-19 06:44:34,600000000,600,320000000,,300,,31250,0x1b774,450,600000000,320000000,0,300000000,300000000,1.2313,1.2500,1.2500,1.2250,62.8,0x0
2024-02-19 06:59:35,600000000,600,320000000,,300,,31250,0x1b774,450,600000000,320000000,0,300000000,300000000,1.2313,1.2500,1.2500,1.2250,61.2,0x0
2024-02-19 07:14:49,600000000,600,320000000,,300,,31250,0x1b774,450,600000000,320000000,0,300000000,300000000,1.2313,1.2500,1.2500,1.2250,62.3,0x0
2024-02-19 07:30:35,600000000,600,320000000,,300,,31250,0x1b774,450,600000000,320000000,0,300000000,300000000,1.2313,1.2500,1.2500,1.2250,60.7,0x0
2024-02-19 07:45:35,600000000,600,320000000,,300,,31250,0x1b774,450,600000000,320000000,0,300000000,300000000,1.2313,1.2500,1.2500,1.2250,60.7,0x0
2024-02-19 08:00:35,600000000,600,320000000,,300,,31250,0x1b774,450,600000000,320000000,0,300000000,300000000,1.2313,1.2500,1.2500,1.2250,61.2,0x0
2024-02-19 08:16:34,600000000,600,320000000,,300,,31250,0x1b774,450,600000000,320000000,0,300000000,300000000,1.2313,1.2500,1.2500,1.2250,62.3,0x0
2024-02-19 08:32:34,600000000,600,320000000,,300,,31250,0x1b774,450,600000000,320000000,0,300000000,300000000,1.2313,1.2500,1.2500,1.2250,62.3,0x0
2024-02-19 08:48:35,600000000,600,320000000,,300,,31250,0x1b774,450,600000000,320000000,0,300000000,300000000,1.2313,1.2500,1.2500,1.2250,62.3,0x0
2024-02-19 09:04:34,600000000,600,320000000,,300,,31250,0x1b774,450,600000000,320000000,0,300000000,300000000,1.2313,1.2500,1.2500,1.2250,62.3,0x0
2024-02-19 09:20:34,600000000,600,320000000,,300,,31250,0x1b774,450,600000000,320000000,0,300000000,300000000,1.2313,1.2500,1.2500,1.2250,62.8,0x0
2024-02-19 09:35:34,600000000,600,320000000,,300,,31250,0x1b774,450,600000000,320000000,0,300000000,300000000,1.2313,1.2500,1.2500,1.2250,63.4,0x0
2024-02-19 09:50:50,600000000,600,320000000,,300,,31250,0x1b774,450,600000000,320000000,0,300000000,300000000,1.2313,1.2500,1.2500,1.2250,63.9,0x0
2024-02-19 10:06:34,600000000,600,320000000,,300,,31250,0x1b774,450,600000000,320000000,0,300000000,300000000,1.2313,1.2500,1.2500,1.2250,63.4,0x0
2024-02-19 10:22:34,600000000,600,320000000,,300,,31250,0x1b774,450,600000000,320000000,0,300000000,300000000,1.2313,1.2500,1.2500,1.2250,63.4,0x0
2024-02-19 10:38:35,600000000,600,320000000,,300,,31250,0x1b774,450,600000000,320000000,0,300000000,300000000,1.2313,1.2500,1.2500,1.2250,63.9,0x0
2024-02-19 10:54:34,600000000,600,320000000,,300,,31250,0x1b774,450,600000000,320000000,0,300000000,300000000,1.2313,1.2500,1.2500,1.2250,64.5,0x0
2024-02-19 11:10:35,600000000,600,320000000,,300,,31250,0x1b774,450,600000000,320000000,0,300000000,300000000,1.2313,1.2500,1.2500,1.2250,64.5,0x0
2024-02-19 11:25:35,600000000,600,320000000,,300,,31250,0x1b774,450,600000000,320000000,0,300000000,300000000,1.2313,1.2500,1.2500,1.2250,65.0,0x0
2024-02-19 11:40:51,600000000,600,320000000,,300,,31250,0x1b774,450,600000000,320000000,0,300000000,300000000,1.2313,1.2500,1.2500,1.2250,66.6,0x0
2024-02-19 11:56:34,600000000,600,320000000,,300,,31250,0x1b774,450,600000000,320000000,0,300000000,300000000,1.2313,1.2500,1.2500,1.2250,65.5,0x0
2024-02-19 12:12:34,600000000,600,320000000,,300,,31250,0x1b774,450,600000000,320000000,0,300000000,300000000,1.2313,1.2500,1.2500,1.2250,65.5,0x0
2024-02-19 12:28:34,600000000,600,320000000,,300,,31250,0x1b774,450,600000000,320000000,0,300000000,300000000,1.2313,1.2500,1.2500,1.2250,65.5,0x0
2024-02-19 12:44:35,600000000,600,320000000,,300,,31250,0x1b774,450,600000000,320000000,0,300000000,300000000,1.2313,1.2500,1.2500,1.2250,65.5,0x0
2024-02-19 13:00:35,600000000,600,320000000,,300,,31250,0x1b774,450,600000000,320000000,0,300000000,300000000,1.2313,1.2500,1.2500,1.2250,65.5,0x0
2024-02-19 13:16:34,600000000,600,320000000,,300,,31250,0x1b774,450,600000000,320000000,0,300000000,300000000,1.2313,1.2500,1.2500,1.2250,65.5,0x0
2024-02-19 13:32:34,600000000,600,320000000,,300,,31250,0x1b774,450,600000000,320000000,0,300000000,300000000,1.2313,1.2500,1.2500,1.2250,65.5,0x0
2024-02-19 13:48:35,600002000,600,320000000,,300,,31250,0x1b774,450,600002000,320000000,0,300000000,300000000,1.2313,1.2500,1.2500,1.2250,65.5,0x0
2024-02-19 14:04:34,600000000,600,320000000,,300,,31250,0x1b774,450,600000000,320000000,0,300000000,300000000,1.2313,1.2500,1.2500,1.2250,65.5,0x0
2024-02-19 14:20:34,600000000,600,320000000,,300,,31250,0x1b774,450,600000000,320000000,0,300000000,300000000,1.2313,1.2500,1.2500,1.2250,65.5,0x0
2024-02-19 14:36:35,600000000,600,320000000,,300,,31250,0x1b774,450,600000000,320000000,0,300000000,300000000,1.2313,1.2500,1.2500,1.2250,65.5,0x0
2024-02-19 14:52:34,600000000,600,320000000,,300,,31250,0x1b774,450,600000000,320000000,0,300000000,300000000,1.2313,1.2500,1.2500,1.2250,65.5,0x0
2024-02-19 15:08:35,600000000,600,320000000,,300,,31250,0x1b774,450,600000000,320000000,0,300000000,300000000,1.2313,1.2500,1.2500,1.2250,65.5,0x0
2024-02-19 15:24:35,600000000,600,320000000,,300,,31250,0x1b774,450,600000000,320000000,0,300000000,300000000,1.2313,1.2500,1.2500,1.2250,65.5,0x0
2024-02-19 15:40:35,600000000,600,320000000,,300,,31250,0x1b774,450,600000000,320000000,0,300000000,300000000,1.2313,1.2500,1.2500,1.2250,65.5,0x0
2024-02-19 15:56:34,600000000,600,320000000,,300,,31250,0x1b774,450,600000000,320000000,0,300000000,300000000,1.2313,1.2500,1.2500,1.2250,65.5,0x0
2024-02-19 16:12:35,600000000,600,320000000,,300,,31250,0x1b774,450,600000000,320000000,0,300000000,300000000,1.2313,1.2500,1.2500,1.2250,65.5,0x0
2024-02-19 16:28:34,600000000,600,320000000,,300,,31250,0x1b774,450,600000000,320000000,0,300000000,300000000,1.2313,1.2500,1.2500,1.2250,65.5,0x0
2024-02-19 16:44:35,600000000,600,320000000,,300,,31250,0x1b774,450,600000000,320000000,0,300000000,300000000,1.2313,1.2500,1.2500,1.2250,65.0,0x0
2024-02-19 17:00:35,599998000,600,320000000,,300,,31250,0x1b774,450,599998000,320000000,0,300000000,300000000,1.2313,1.2500,1.2500,1.2250,65.0,0x0
2024-02-19 17:16:35,600000000,600,320000000,,300,,31250,0x1b774,450,600000000,320000000,0,300000000,300000000,1.2313,1.2500,1.2500,1.2250,65.0,0x0
2024-02-19 17:32:34,600002000,600,320000000,,300,,31250,0x1b774,450,600002000,320000000,0,300000000,300000000,1.2313,1.2500,1.2500,1.2250,64.5,0x0
2024-02-19 17:48:34,600000000,600,320000000,,300,,31250,0x1b774,450,600000000,320000000,0,300000000,300000000,1.2313,1.2500,1.2500,1.2250,64.5,0x0
2024-02-19 18:04:35,600000000,600,320000000,,300,,31250,0x1b774,450,600000000,320000000,0,300000000,300000000,1.2313,1.2500,1.2500,1.2250,64.5,0x0
2024-02-19 18:20:35,600000000,600,320000000,,300,,31250,0x1b774,450,600000000,320000000,0,300000000,300000000,1.2313,1.2500,1.2500,1.2250,64.5,0x0
2024-02-19 18:36:34,600000000,600,320000000,,300,,31250,0x1b774,450,600000000,320000000,0,300000000,300000000,1.2313,1.2500,1.2500,1.2250,63.4,0x0
2024-02-19 18:52:13,600002000,600,320000000,,300,,31250,0x1b774,450,600002000,320000000,0,300000000,300000000,1.2313,1.2500,1.2500,1.2250,64.5,0x0
2024-02-19 19:07:35,600000000,600,320000000,,300,,31250,0x1b774,450,600000000,320000000,0,300000000,300000000,1.2313,1.2500,1.2500,1.2250,65.0,0x0
2024-02-19 19:22:50,600000000,600,320000000,,300,,31250,0x1b774,450,600000000,320000000,0,300000000,300000000,1.2313,1.2500,1.2500,1.2250,63.9,0x0
2024-02-19 19:38:34,600000000,600,320000000,,300,,31250,0x1b774,450,600000000,320000000,0,300000000,300000000,1.2313,1.2500,1.2500,1.2250,62.8,0x0
2024-02-19 19:54:34,600000000,600,320000000,,300,,31250,0x1b774,450,600000000,320000000,0,300000000,300000000,1.2313,1.2500,1.2500,1.2250,62.3,0x0
2024-02-19 20:10:34,600000000,600,320000000,,300,,31250,0x1b774,450,600000000,320000000,0,300000000,300000000,1.2313,1.2500,1.2500,1.2250,62.8,0x0
2024-02-19 20:26:19,600000000,600,320000000,,300,,31250,0x1b774,450,600000000,320000000,0,300000000,300000000,1.2313,1.2500,1.2500,1.2250,66.6,0x0
2024-02-19 20:41:34,600000000,600,320000000,,300,,31250,0x1b774,450,600000000,320000000,0,300000000,300000000,1.2313,1.2500,1.2500,1.2250,62.8,0x0
2024-02-19 20:56:34,600000000,600,320000000,,300,,31250,0x1b774,450,600000000,320000000,0,300000000,300000000,1.2313,1.2500,1.2500,1.2250,62.3,0x0
2024-02-19 21:12:34,600000000,600,320000000,,300,,31250,0x1b774,450,600000000,320000000,0,300000000,300000000,1.2313,1.2500,1.2500,1.2250,62.3,0x0
2024-02-19 21:28:35,600000000,600,320000000,,300,,31250,0x1b774,450,600000000,320000000,0,300000000,300000000,1.2313,1.2500,1.2500,1.2250,63.4,0x0
2024-02-19 21:44:34,600000000,600,320000000,,300,,31250,0x1b774,450,600000000,320000000,0,300000000,300000000,1.2313,1.2500,1.2500,1.2250,62.3,0x0
2024-02-19 22:00:35,600000000,600,320000000,,300,,31250,0x1b774,450,600000000,320000000,0,300000000,300000000,1.2313,1.2500,1.2500,1.2250,61.2,0x0
2024-02-19 22:16:14,600000000,600,320000000,,300,,31250,0x1b774,450,600000000,320000000,0,300000000,300000000,1.2313,1.2500,1.2500,1.2250,60.7,0x0
2024-02-19 22:31:34,600000000,600,320000000,,300,,31250,0x1b774,450,600000000,320000000,0,300000000,300000000,1.2313,1.2500,1.2500,1.2250,59.1,0x0
2024-02-19 22:46:48,600000000,600,320000000,,300,,31250,0x1b774,450,600000000,320000000,0,300000000,300000000,1.2313,1.2500,1.2500,1.2250,59.6,0x0
2024-02-19 23:02:35,600000000,600,320000000,,300,,31250,0x1b774,450,600000000,320000000,0,300000000,300000000,1.2313,1.2500,1.2500,1.2250,59.1,0x0
2024-02-19 23:17:57,600000000,600,320000000,,300,,31250,0x1b774,450,600000000,320000000,0,300000000,300000000,1.2313,1.2500,1.2500,1.2250,60.1,0x0
2024-02-19 23:33:34,600000000,600,320000000,,300,,31250,0x1b774,450,600000000,320000000,0,300000000,300000000,1.2313,1.2500,1.2500,1.2250,60.1,0x0
2024-02-19 23:48:58,600000000,600,320000000,,300,,31250,0x1b774,450,600000000,320000000,0,300000000,300000000,1.2313,1.2500,1.2500,1.2250,62.3,0x0
2024-02-20 00:04:34,600000000,600,320000000,,300,,31250,0x1b774,450,600000000,320000000,0,300000000,300000000,1.2313,1.2500,1.2500,1.2250,61.8,0x0
2024-02-20 00:20:34,600000000,600,320000000,,300,,31250,0x1b774,450,600000000,320000000,0,300000000,300000000,1.2313,1.2500,1.2500,1.2250,61.2,0x0
2024-02-20 00:36:34,600000000,600,320000000,,300,,31250,0x1b774,450,600000000,320000000,0,300000000,300000000,1.2313,1.2500,1.2500,1.2250,61.2,0x0
2024-02-20 00:52:34,600000000,600,320000000,,300,,31250,0x1b774,450,600000000,320000000,0,300000000,300000000,1.2313,1.2500,1.2500,1.2250,61.2,0x0
2024-02-20 01:08:35,600000000,600,320000000,,300,,31250,0x1b774,450,600000000,320000000,0,300000000,300000000,1.2313,1.2500,1.2500,1.2250,61.2,0x0
2024-02-20 01:24:35,600000000,600,320000000,,300,,31250,0x1b774,450,600000000,320000000,0,300000000,300000000,1.2313,1.2500,1.2500,1.2250,61.8,0x0
2024-02-20 01:40:34,600000000,600,320000000,,300,,31250,0x1b774,450,600000000,320000000,0,300000000,300000000,1.2313,1.2500,1.2500,1.2250,61.2,0x0
2024-02-20 01:56:35,600000000,600,320000000,,300,,31250,0x1b774,450,600000000,320000000,0,300000000,300000000,1.2313,1.2500,1.2500,1.2250,61.2,0x0
2024-02-20 02:12:34,600000000,600,320000000,,300,,31250,0x1b774,450,600000000,320000000,0,300000000,300000000,1.2313,1.2500,1.2500,1.2250,61.2,0x0
2024-02-20 02:28:35,600000000,600,320000000,,300,,31250,0x1b774,450,600000000,320000000,0,300000000,300000000,1.2313,1.2500,1.2500,1.2250,61.2,0x0
2024-02-20 02:44:34,600000000,600,320000000,,300,,31250,0x1b774,450,600000000,320000000,0,300000000,300000000,1.2313,1.2500,1.2500,1.2250,61.8,0x0
2024-02-20 03:00:35,600000000,600,320000000,,300,,31250,0x1b774,450,600000000,320000000,0,300000000,300000000,1.2313,1.2500,1.2500,1.2250,61.2,0x0
2024-02-20 03:16:35,600000000,600,320000000,,300,,31250,0x1b774,450,600000000,320000000,0,300000000,300000000,1.2313,1.2500,1.2500,1.2250,61.2,0x0
2024-02-20 03:31:45,600000000,600,320000000,,300,,31250,0x1b774,450,600000000,320000000,0,300000000,300000000,1.2313,1.2500,1.2500,1.2250,61.8,0x0
2024-02-20 03:46:50,600000000,600,320000000,,300,,31250,0x1b774,450,600000000,320000000,0,300000000,300000000,1.2313,1.2500,1.2500,1.2250,62.3,0x0
2024-02-20 04:02:34,600000000,600,320000000,,300,,31250,0x1b774,450,600000000,320000000,0,300000000,300000000,1.2313,1.2500,1.2500,1.2250,61.2,0x0
2024-02-20 04:18:34,600000000,600,320000000,,300,,31250,0x1b774,450,600000000,320000000,0,300000000,300000000,1.2313,1.2500,1.2500,1.2250,62.3,0x0
2024-02-20 04:33:40,600000000,600,320000000,,300,,31250,0x1b774,450,600000000,320000000,0,300000000,300000000,1.2313,1.2500,1.2500,1.2250,61.8,0x0
2024-02-20 04:48:50,600000000,600,320000000,,300,,31250,0x1b774,450,600000000,320000000,0,300000000,300000000,1.2313,1.2500,1.2500,1.2250,64.5,0x0
2024-02-20 05:04:35,600000000,600,320000000,,300,,31250,0x1b774,450,600000000,320000000,0,300000000,300000000,1.2313,1.2500,1.2500,1.2250,61.8,0x0
2024-02-20 05:20:34,600000000,600,320000000,,300,,31250,0x1b774,450,600000000,320000000,0,300000000,300000000,1.2313,1.2500,1.2500,1.2250,61.2,0x0
2024-02-20 05:36:34,600000000,600,320000000,,300,,31250,0x1b774,450,600000000,320000000,0,300000000,300000000,1.2313,1.2500,1.2500,1.2250,61.2,0x0
2024-02-20 05:52:34,600000000,600,320000000,,300,,31250,0x1b774,450,600000000,320000000,0,300000000,300000000,1.2313,1.2500,1.2500,1.2250,60.7,0x0
2024-02-20 06:08:34,600000000,600,320000000,,300,,31250,0x1b774,450,600000000,320000000,0,300000000,300000000,1.2313,1.2500,1.2500,1.2250,60.7,0x0
2024-02-20 06:24:34,600000000,600,320000000,,300,,31250,0x1b774,450,600000000,320000000,0,300000000,300000000,1.2313,1.2500,1.2500,1.2250,60.7,0x0
2024-02-20 06:40:34,600000000,600,320000000,,300,,31250,0x1b774,450,600000000,320000000,0,300000000,300000000,1.2313,1.2500,1.2500,1.2250,60.1,0x0
2024-02-20 06:56:34,600000000,600,320000000,,300,,31250,0x1b774,450,600000000,320000000,0,300000000,300000000,1.2313,1.2500,1.2500,1.2250,60.1,0x0
2024-02-20 07:12:34,600000000,600,320000000,,300,,31250,0x1b774,450,600000000,320000000,0,300000000,300000000,1.2313,1.2500,1.2500,1.2250,60.1,0x0
2024-02-20 07:28:34,600000000,600,320000000,,300,,31250,0x1b774,450,600000000,320000000,0,300000000,300000000,1.2313,1.2500,1.2500,1.2250,60.1,0x0
2024-02-20 07:44:34,600000000,600,320000000,,300,,31250,0x1b774,450,600000000,320000000,0,300000000,300000000,1.2313,1.2500,1.2500,1.2250,60.1,0x0
2024-02-20 08:00:35,600000000,600,320000000,,300,,31250,0x1b774,450,600000000,320000000,0,300000000,300000000,1.2313,1.2500,1.2500,1.2250,60.1,0x0
2024-02-20 08:16:35,600000000,600,320000000,,300,,31250,0x1b774,450,600000000,320000000,0,300000000,300000000,1.2313,1.2500,1.2500,1.2250,60.1,0x0
2024-02-20 08:32:34,600000000,600,320000000,,300,,31250,0x1b774,450,600000000,320000000,0,300000000,300000000,1.2313,1.2500,1.2500,1.2250,61.2,0x0
2024-02-20 08:48:34,600000000,600,320000000,,300,,31250,0x1b774,450,600000000,320000000,0,300000000,300000000,1.2313,1.2500,1.2500,1.2250,61.2,0x0
